CSI_DATA,AP,B0:A7:32:D7:5B:54,-43,11,1,6,1,1,1,1,0,0,0,-96,1,6,1,3017008620,0,84,0,0,11607.1,384,[84 -64 4 0 0 0 0 0 0 0 0 0 8 15 7 15 7 16 7 16 6 16 5 16 5 16 4 16 4 16 4 16 4 16 4 16 3 16 3 17 3 17 3 16 3 16 2 15 2 15 2 15 2 15 2 15 2 14 3 14 3 15 3 14 0 0 3 14 3 14 4 14 4 13 4 13 4 13 4 14 4 13 5 13 5 12 6 12 6 12 6 13 7 13 6 12 7 12 7 12 7 11 7 11 7 12 8 12 8 12 8 12 9 11 9 12 9 11 0 0 0 0 0 0 0 0 0 0 ],1717575980.6188412
CSI_DATA,AP,B0:A7:32:D7:5B:54,-43,11,1,6,1,1,1,1,0,0,0,-96,1,6,1,3017017452,0,84,0,0,11607.1,384,[84 -64 4 0 0 0 0 0 0 0 0 0 18 8 17 8 18 10 17 10 17 11 15 10 16 11 15 11 15 12 15 12 15 12 15 12 14 12 14 13 14 12 14 13 13 12 13 12 12 12 13 12 12 12 13 12 12 11 12 11 13 11 12 11 0 0 12 10 13 10 13 10 13 10 12 9 13 9 13 9 13 8 14 9 14 8 14 7 14 7 15 7 14 7 14 7 14 6 16 6 15 5 15 6 15 5 15 5 16 6 16 5 16 4 16 5 16 4 0 0 0 0 0 0 0 0 0 0 ],1717575980.6340804
CSI_DATA,AP,B0:A7:32:D7:5B:54,-42,11,1,5,1,1,1,1,0,0,0,-96,1,6,1,3017032005,0,84,0,0,11607.1,384,[84 -64 4 0 0 0 0 0 0 0 0 0 -12 12 -13 12 -13 12 -14 11 -14 11 -14 10 -14 10 -14 9 -14 9 -15 10 -15 9 -16 8 -16 8 -16 8 -15 7 -15 9 -14 8 -14 8 -14 7 -14 7 -14 7 -14 7 -14 6 -13 6 -14 7 -13 7 0 0 -13 7 -13 8 -12 8 -12 8 -12 8 -12 8 -12 8 -11 8 -11 9 -11 9 -10 9 -11 9 -11 10 -10 9 -10 10 -9 10 -10 11 -9 10 -9 11 -9 11 -9 11 -9 12 -9 11 -8 12 -10 11 -8 12 0 0 0 0 0 0 0 0 0 0 ],1717575980.6504555
CSI_DATA,AP,B0:A7:32:D7:5B:54,-43,11,1,6,1,1,1,1,0,0,0,-96,1,6,1,3017038000,0,84,0,0,11607.2,384,[84 -64 4 0 0 0 0 0 0 0 0 0 -11 17 -11 16 -12 17 -12 16 -13 16 -12 14 -13 14 -13 14 -14 14 -15 14 -15 13 -16 13 -15 12 -16 12 -15 12 -15 12 -14 11 -14 11 -14 11 -14 11 -14 11 -14 11 -14 10 -14 10 -14 10 -13 10 0 0 -13 11 -13 11 -12 11 -13 11 -12 10 -12 11 -12 12 -12 12 -12 12 -11 12 -11 12 -11 12 -11 13 -10 13 -10 13 -9 13 -10 14 -9 13 -9 13 -9 14 -9 14 -9 14 -9 15 -9 14 -9 14 -9 15 0 0 0 0 0 0 0 0 0 0 ],1717575980.6679726
CSI_DATA,AP,B0:A7:32:D7:5B:54,-43,11,1,6,1,1,1,1,0,0,0,-96,1,6,1,3017047382,0,84,0,0,11607.2,384,[84 -64 4 0 0 0 0 0 0 0 0 0 -9 -16 -8 -16 -8 -17 -7 -18 -7 -18 -6 -17 -5 -17 -5 -17 -4 -18 -4 -18 -4 -18 -3 -18 -3 -18 -3 -18 -3 -17 -3 -18 -3 -16 -3 -17 -3 -16 -2 -17 -2 -16 -2 -17 -2 -16 -3 -16 -2 -16 -3 -15 0 0 -3 -15 -4 -15 -3 -15 -4 -15 -4 -15 -4 -15 -4 -15 -4 -15 -5 -14 -5 -14 -5 -14 -5 -14 -6 -14 -6 -14 -6 -14 -7 -13 -7 -14 -7 -13 -7 -14 -8 -14 -7 -14 -8 -14 -8 -14 -9 -14 -8 -14 -8 -13 0 0 0 0 0 0 0 0 0 0 ],1717575980.6858149
CSI_DATA,AP,B0:A7:32:D7:5B:54,-42,11,1,5,1,1,1,1,0,0,0,-96,1,6,1,3017064353,0,84,0,0,11607.2,384,[84 -64 4 0 0 0 0 0 0 0 0 0 11 -14 10 -13 12 -14 12 -14 13 -13 12 -11 13 -11 13 -10 14 -11 14 -11 14 -10 14 -10 14 -10 14 -10 14 -8 14 -10 13 -9 13 -8 13 -8 13 -8 13 -7 13 -8 12 -7 13 -8 13 -8 12 -9 0 0 12 -8 12 -9 11 -8 11 -10 11 -8 11 -8 12 -8 11 -9 11 -9 10 -10 10 -10 10 -10 10 -10 9 -11 10 -10 9 -10 9 -11 9 -11 9 -11 8 -11 9 -11 9 -12 9 -13 8 -12 8 -12 8 -12 0 0 0 0 0 0 0 0 0 0 ],1717575980.7025204
CSI_DATA,AP,B0:A7:32:D7:5B:54,-43,11,1,6,1,1,1,1,0,0,0,-96,1,6,1,3017069324,0,84,0,0,11607.2,384,[84 -64 4 0 0 0 0 0 0 0 0 0 8 -16 8 -15 9 -16 10 -16 10 -16 10 -14 11 -14 11 -13 11 -14 12 -14 12 -13 12 -13 12 -13 12 -12 12 -12 12 -12 11 -12 11 -12 11 -11 11 -11 11 -11 11 -12 11 -11 11 -11 11 -11 10 -11 0 0 10 -11 10 -12 9 -12 9 -12 9 -12 9 -12 9 -12 8 -12 8 -13 8 -13 7 -13 7 -12 7 -13 7 -13 6 -14 6 -14 6 -14 6 -13 5 -13 5 -14 5 -14 5 -15 5 -15 5 -15 5 -15 4 -15 0 0 0 0 0 0 0 0 0 0 ],1717575980.7193463
CSI_DATA,AP,B0:A7:32:D7:5B:54,-43,11,1,6,1,1,1,1,0,0,0,-96,1,6,1,3017079245,0,84,0,0,11607.2,384,[84 -64 4 0 0 0 0 0 0 0 0 0 -18 -4 -18 -4 -19 -4 -18 -5 -18 -6 -17 -6 -16 -6 -17 -7 -17 -7 -16 -7 -16 -8 -16 -8 -16 -8 -16 -9 -15 -9 -15 -9 -15 -8 -15 -9 -14 -8 -14 -9 -14 -9 -14 -8 -13 -8 -14 -8 -14 -8 -13 -8 0 0 -14 -8 -14 -7 -14 -7 -14 -6 -14 -7 -14 -7 -14 -7 -14 -6 -14 -5 -14 -5 -14 -5 -14 -5 -14 -5 -15 -4 -14 -4 -15 -4 -15 -4 -15 -4 -14 -4 -15 -3 -15 -4 -16 -3 -16 -3 -16 -2 -16 -3 -16 -2 0 0 0 0 0 0 0 0 0 0 ],1717575980.737098
CSI_DATA,AP,B0:A7:32:D7:5B:54,-43,11,1,6,1,1,1,1,0,0,0,-96,1,6,1,3017088771,0,84,0,0,11607.2,384,[84 -64 4 0 0 0 0 0 0 0 0 0 -8 17 -9 17 -10 17 -11 18 -11 16 -11 16 -12 15 -13 15 -13 14 -13 14 -13 14 -13 14 -13 14 -13 14 -14 14 -13 13 -13 13 -12 12 -13 12 -13 12 -13 12 -13 12 -13 11 -12 12 -12 12 -12 12 0 0 -11 12 -11 12 -11 13 -10 12 -10 13 -10 12 -10 13 -10 13 -10 12 -9 12 -8 14 -8 13 -8 14 -8 14 -7 14 -7 15 -7 14 -7 15 -7 14 -7 14 -7 15 -7 15 -6 15 -5 16 -6 16 -6 16 0 0 0 0 0 0 0 0 0 0 ],1717575980.7541878
CSI_DATA,AP,B0:A7:32:D7:5B:54,-41,11,1,4,1,1,1,1,0,0,0,-96,1,6,1,3017101124,0,84,0,0,11607.2,384,[84 -64 4 0 0 0 0 0 0 0 0 0 -12 13 -12 13 -13 13 -14 13 -14 12 -13 10 -14 10 -14 10 -15 10 -16 9 -15 8 -16 8 -16 8 -16 8 -15 8 -16 8 -15 7 -15 7 -14 7 -14 7 -14 6 -15 7 -14 6 -14 6 -15 7 -13 7 0 0 -13 7 -13 8 -12 8 -13 8 -12 7 -12 8 -13 8 -12 8 -12 9 -11 9 -11 9 -11 8 -11 9 -11 9 -11 10 -10 10 -11 11 -10 10 -9 10 -9 11 -10 11 -10 11 -11 11 -9 12 -10 11 -9 11 0 0 0 0 0 0 0 0 0 0 ],1717575980.7707002
CSI_DATA,AP,B0:A7:32:D7:5B:54,-43,11,1,6,1,1,1,1,0,0,0,-96,1,6,1,3017107530,0,84,0,0,11607.2,384,[84 -64 4 0 0 0 0 0 0 0 0 0 15 -9 15 -8 16 -8 16 -7 17 -7 16 -6 16 -5 16 -5 17 -5 17 -5 16 -4 17 -4 17 -4 17 -4 16 -3 17 -3 16 -3 16 -3 15 -3 15 -2 15 -2 16 -2 15 -3 15 -3 15 -3 14 -3 0 0 14 -3 15 -4 14 -4 14 -4 13 -4 14 -4 14 -4 14 -5 14 -5 13 -6 13 -6 13 -6 13 -6 13 -6 13 -6 13 -7 13 -7 12 -7 13 -7 12 -8 13 -8 13 -8 13 -8 12 -9 13 -9 12 -9 0 0 0 0 0 0 0 0 0 0 ],1717575980.7866902
CSI_DATA,AP,B0:A7:32:D7:5B:54,-43,11,1,6,1,1,1,1,0,0,0,-96,1,6,1,3017117513,0,84,0,0,11607.2,384,[84 -64 4 0 0 0 0 0 0 0 0 0 -18 -3 -18 -4 -18 -4 -19 -5 -18 -6 -17 -6 -17 -7 -17 -7 -17 -8 -17 -8 -17 -8 -17 -8 -17 -8 -16 -8 -16 -9 -15 -9 -15 -8 -15 -8 -15 -8 -15 -9 -14 -8 -15 -9 -14 -8 -14 -7 -15 -8 -14 -7 0 0 -14 -7 -14 -7 -14 -7 -14 -6 -14 -6 -14 -6 -14 -6 -14 -5 -14 -5 -14 -4 -15 -4 -15 -4 -15 -4 -15 -4 -15 -4 -15 -3 -15 -3 -15 -3 -15 -3 -15 -2 -15 -3 -16 -2 -16 -2 -16 -1 -16 -2 -16 -1 0 0 0 0 0 0 0 0 0 0 ],1717575980.8044732
CSI_DATA,AP,B0:A7:32:D7:5B:54,-43,11,1,6,1,1,1,1,0,0,0,-96,1,6,1,3017128053,0,84,0,0,11607.2,384,[84 -64 4 0 0 0 0 0 0 0 0 0 1 -18 2 -18 2 -19 3 -19 3 -19 4 -17 5 -17 5 -17 5 -17 6 -17 6 -17 6 -17 6 -17 7 -17 7 -16 7 -16 6 -15 7 -15 6 -15 7 -15 7 -15 7 -15 7 -15 6 -15 6 -15 6 -14 0 0 5 -14 5 -15 5 -14 5 -15 5 -14 5 -14 5 -14 4 -14 4 -14 3 -14 3 -15 3 -14 3 -15 2 -15 3 -15 2 -15 2 -16 2 -15 2 -15 1 -15 1 -15 2 -16 1 -16 0 -16 1 -16 1 -16 0 0 0 0 0 0 0 0 0 0 ],1717575980.820439
CSI_DATA,AP,B0:A7:32:D7:5B:54,-43,11,1,6,1,1,1,1,0,0,0,-96,1,6,1,3017142278,0,84,0,0,11607.3,384,[84 -64 4 0 0 0 0 0 0 0 0 0 -8 -17 -7 -17 -7 -18 -6 -18 -6 -18 -5 -18 -4 -18 -4 -18 -3 -18 -3 -19 -3 -18 -3 -18 -2 -18 -2 -18 -2 -18 -2 -18 -2 -17 -2 -17 -2 -17 -1 -17 -1 -16 -1 -17 -1 -16 -2 -16 -2 -17 -2 -16 0 0 -2 -16 -3 -15 -3 -15 -3 -15 -3 -15 -3 -15 -3 -15 -4 -15 -4 -15 -5 -15 -5 -14 -5 -14 -6 -14 -6 -14 -6 -14 -6 -14 -7 -15 -7 -14 -7 -14 -7 -13 -7 -14 -8 -14 -8 -14 -9 -14 -8 -14 -8 -13 0 0 0 0 0 0 0 0 0 0 ],1717575980.8381932
CSI_DATA,AP,B0:A7:32:D7:5B:54,-43,11,1,6,1,1,1,1,0,0,0,-96,1,6,1,3017147111,0,84,0,0,11607.3,384,[84 -64 4 0 0 0 0 0 0 0 0 0 17 -2 17 -1 18 -1 18 0 18 1 17 1 17 1 17 2 17 3 17 2 17 3 17 3 17 3 17 3 16 4 16 4 16 4 15 3 15 3 15 4 15 4 15 3 14 3 15 3 15 3 15 3 0 0 14 2 15 2 14 2 14 2 14 2 14 1 15 1 14 1 15 0 14 0 14 -1 14 -1 14 -1 14 -1 14 -1 14 -2 15 -2 14 -3 14 -2 14 -3 14 -2 15 -2 15 -3 14 -4 15 -3 14 -4 0 0 0 0 0 0 0 0 0 0 ],1717575980.8530593
CSI_DATA,AP,B0:A7:32:D7:5B:54,-43,11,1,6,1,1,1,1,0,0,0,-96,1,6,1,3017156796,0,84,0,0,11607.3,384,[84 -64 4 0 0 0 0 0 0 0 0 0 0 17 -1 17 -2 18 -2 18 -3 18 -3 17 -4 17 -5 16 -5 17 -5 17 -5 17 -6 17 -6 16 -6 17 -6 16 -6 16 -6 15 -6 15 -6 15 -6 15 -6 14 -6 15 -6 14 -5 15 -5 15 -5 14 0 0 -5 14 -4 14 -4 14 -3 14 -3 14 -3 14 -3 14 -3 14 -3 14 -2 14 -1 14 -1 14 -1 14 -1 14 0 14 0 14 0 15 1 14 0 14 1 14 1 15 1 15 1 15 2 14 2 15 2 15 0 0 0 0 0 0 0 0 0 0 ],1717575980.8685834
CSI_DATA,AP,B0:A7:32:D7:5B:54,-43,11,1,6,1,1,1,1,0,0,0,-96,1,6,1,3017166561,0,84,0,0,11607.3,384,[84 -64 4 0 0 0 0 0 0 0 0 0 8 16 7 15 8 17 7 17 7 17 5 15 5 16 4 16 5 17 4 18 3 17 3 17 3 17 3 17 2 16 3 17 3 15 3 16 2 15 3 15 2 15 3 15 2 15 2 15 2 15 2 14 0 0 3 14 4 14 4 13 4 14 3 13 4 13 4 14 4 13 5 13 5 13 5 13 5 13 6 13 6 12 7 13 7 12 8 13 7 11 7 12 7 12 8 12 8 12 8 12 8 12 8 12 8 12 0 0 0 0 0 0 0 0 0 0 ],1717575980.882799
CSI_DATA,AP,B0:A7:32:D7:5B:54,-43,11,1,6,1,1,1,1,0,0,0,-96,1,6,1,3017182290,0,84,0,0,11607.3,384,[84 -64 4 0 0 0 0 0 0 0 0 0 19 -3 19 -2 20 -2 20 -1 20 0 18 0 19 0 19 2 19 2 19 2 18 2 19 2 18 3 19 3 18 3 18 4 17 3 17 3 17 3 17 3 16 3 16 3 16 3 16 2 17 3 16 2 0 0 16 2 16 2 16 1 16 1 15 1 15 0 16 1 16 0 15 0 15 -1 15 -1 15 -2 16 -2 15 -2 15 -2 15 -3 16 -3 15 -4 15 -3 15 -4 16 -4 16 -4 16 -5 15 -5 15 -5 15 -5 0 0 0 0 0 0 0 0 0 0 ],1717575980.897819
CSI_DATA,AP,B0:A7:32:D7:5B:54,-44,11,1,7,1,1,1,1,0,0,0,-96,1,6,1,3017186743,0,84,0,0,11607.3,384,[84 -64 4 0 0 0 0 0 0 0 0 0 -10 -16 -9 -15 -9 -17 -9 -17 -8 -18 -7 -17 -7 -17 -6 -17 -6 -17 -6 -18 -5 -18 -5 -18 -5 -18 -5 -18 -4 -17 -5 -18 -4 -16 -4 -17 -4 -16 -4 -17 -4 -16 -4 -16 -4 -16 -4 -16 -4 -16 -4 -15 0 0 -4 -15 -5 -15 -5 -14 -5 -15 -5 -14 -5 -14 -6 -15 -6 -14 -6 -14 -7 -14 -7 -14 -7 -14 -7 -14 -7 -13 -8 -14 -8 -13 -8 -14 -8 -13 -8 -13 -9 -13 -9 -13 -9 -13 -9 -14 -10 -13 -10 -13 -10 -13 0 0 0 0 0 0 0 0 0 0 ],1717575980.9157312
CSI_DATA,AP,B0:A7:32:D7:5B:54,-44,11,1,7,1,1,1,1,0,0,0,-96,1,6,1,3017200346,0,84,0,0,11607.3,384,[84 -64 4 0 0 0 0 0 0 0 0 0 -18 -4 -18 -5 -19 -5 -19 -6 -19 -6 -17 -6 -17 -7 -17 -7 -17 -8 -17 -8 -16 -9 -16 -9 -16 -9 -16 -9 -16 -9 -16 -9 -15 -9 -15 -9 -15 -9 -15 -9 -15 -9 -15 -9 -14 -9 -14 -8 -14 -9 -14 -8 0 0 -14 -8 -14 -7 -14 -7 -15 -7 -14 -7 -14 -7 -14 -7 -14 -6 -15 -5 -15 -5 -15 -5 -14 -5 -15 -5 -15 -4 -15 -4 -15 -4 -16 -4 -15 -3 -15 -3 -16 -3 -16 -3 -16 -3 -16 -3 -16 -3 -16 -3 -16 -2 0 0 0 0 0 0 0 0 0 0 ],1717575980.9335263
CSI_DATA,AP,B0:A7:32:D7:5B:54,-43,11,1,6,1,1,1,1,0,0,0,-96,1,6,1,3017208234,0,84,0,0,11607.3,384,[84 -64 4 0 0 0 0 0 0 0 0 0 -4 -18 -3 -18 -3 -19 -2 -19 -2 -19 -1 -18 -1 -18 0 -18 0 -18 0 -18 1 -18 1 -18 2 -18 2 -18 2 -17 2 -17 2 -17 2 -16 2 -16 2 -16 2 -16 2 -16 2 -15 2 -15 2 -16 1 -15 0 0 1 -15 1 -15 1 -15 0 -15 1 -15 0 -15 0 -15 -1 -15 -1 -15 -1 -14 -1 -15 -1 -15 -2 -15 -2 -15 -2 -15 -3 -15 -3 -15 -3 -15 -3 -14 -4 -15 -4 -15 -4 -15 -4 -15 -4 -15 -4 -15 -5 -15 0 0 0 0 0 0 0 0 0 0 ],1717575980.9504287
CSI_DATA,AP,B0:A7:32:D7:5B:54,-43,11,1,6,1,1,1,1,0,0,0,-96,1,6,1,3017220634,0,84,0,0,11607.3,384,[84 -64 4 0 0 0 0 0 0 0 0 0 -18 0 -18 0 -19 -14- -9 112 -10 12 -10 12 -10 13 -10 12 -11 12 -11 11 -11 12 -12 12 -11 12 -11 11 -12 11 -12 11 -12 11 -13 11 -13 11 -13 11 -13 0 0 0 0 0 0 0 0 0 0 ],1717575980.9605286
CSI_DATA,AP,B0:A7:32:D7:5B:54,-44,11,1,7,1,1,1,1,0,0,0,-96,1,6,1,3017347274,0,84,0,0,11607.5,384,[84 -64 4 0 0 0 0 0 0 0 0 0 3 -20 4 -19 4 -20 6 -20 6 -20 6 -18 7 -18 7 -18 8 -18 8 -19 8 -18 8 -18 9 -18 9 -18 9 -17 9 -17 9 -16 9 -16 9 -16 9 -16 9 -15 9 -16 9 -15 8 -15 8 -15 8 -15 0 0 7 -15 7 -16 7 -15 7 -15 6 -15 7 -15 7 -15 6 -15 6 -16 5 -16 4 -15 4 -16 4 -16 4 -16 4 -16 3 -16 3 -17 3 -16 4 -16 3 -17 3 -17 3 -17 2 -18 1 -17 2 -17 2 -17 0 0 0 0 0 0 0 0 0 0 ],1717575980.9766119
CSI_DATA,AP,B0:A7:32:D7:5B:54,-44,11,1,7,1,1,1,1,0,0,0,-96,1,6,1,3017357179,0,84,0,0,11607.5,384,[84 -64 4 0 0 0 0 0 0 0 0 0 10 -17 10 -17 11 -17 12 -17 12 -17 12 -15 13 -15 13 -14 14 -15 14 -14 13 -14 14 -14 14 -13 14 -13 14 -13 14 -13 13 -12 13 -13 13 -12 13 -12 13 -12 13 -12 13 -12 12 -12 13 -12 12 -12 0 0 12 -12 11 -13 11 -12 11 -13 10 -12 10 -13 10 -13 10 -13 10 -13 9 -14 9 -14 9 -14 8 -14 8 -14 8 -15 7 -14 8 -15 7 -15 7 -15 7 -15 7 -15 7 -16 7 -16 6 -16 6 -16 6 -16 0 0 0 0 0 0 0 0 0 0 ],1717575980.9938567
CSI_DATA,AP,B0:A7:32:D7:5B:54,-44,11,1,7,1,1,1,1,0,0,0,-96,1,6,1,3017370530,0,84,0,0,11607.5,384,[84 -64 4 0 0 0 0 0 0 0 0 0 4 -19 5 -19 5 -20 6 -20 7 -19 7 -18 8 -18 8 -17 8 -18 9 -18 9 -17 9 -17 10 -17 10 -17 10 -16 10 -16 10 -15 9 -15 9 -15 9 -15 9 -15 9 -15 9 -14 9 -14 9 -15 8 -14 0 0 8 -14 8 -14 8 -14 7 -15 7 -14 7 -14 7 -15 6 -15 6 -15 5 -15 5 -15 5 -15 5 -15 5 -16 5 -15 4 -16 4 -16 4 -16 4 -16 4 -16 4 -16 3 -17 3 -17 3 -17 3 -17 3 -17 0 0 0 0 0 0 0 0 0 0 ],1717575981.0100873
CSI_DATA,AP,B0:A7:32:D7:5B:54,-44,11,1,7,1,1,1,1,0,0,0,-96,1,6,1,3017376978,0,84,0,0,11607.5,384,[84 -64 4 0 0 0 0 0 0 0 0 0 19 -2 19 -1 20 0 20 0 20 1 19 1 19 2 19 2 19 3 19 3 18 3 19 3 18 4 18 4 18 4 18 4 17 4 17 4 17 4 17 4 16 4 17 4 16 4 16 3 16 4 16 3 0 0 16 3 16 3 16 2 16 2 15 2 15 2 16 2 15 1 16 1 15 0 15 0 15 0 16 -1 16 -1 16 -1 15 -2 16 -2 15 -2 16 -2 15 -3 16 -3 16 -3 16 -3 16 -4 16 -3 16 -4 0 0 0 0 0 0 0 0 0 0 ],1717575981.0247722
CSI_DATA,AP,B0:A7:32:D7:5B:54,-43,11,1,6,1,1,1,1,0,0,0,-96,1,6,1,3017388902,0,84,0,0,11607.5,384,[84 -64 4 0 0 0 0 0 0 0 0 0 -4 16 -4 16 -5 16 -6 16 -6 16 -6 15 -7 15 -7 14 -7 15 -8 15 -8 14 -9 15 -8 14 -9 14 -8 14 -9 14 -8 13 -8 13 -8 13 -8 13 -8 13 -8 13 -8 12 -8 12 -8 13 -7 12 0 0 -7 12 -7 13 -6 12 -6 13 -6 12 -6 12 -6 13 -5 12 -5 13 -5 13 -4 13 -4 13 -4 13 -3 13 -3 13 -3 13 -3 14 -2 13 -2 13 -2 14 -2 13 -2 14 -2 14 -1 14 -2 14 -1 14 0 0 0 0 0 0 0 0 0 0 ],1717575981.0407043
CSI_DATA,AP,B0:A7:32:D7:5B:54,-42,11,1,5,1,1,1,1,0,0,0,-96,1,6,1,3017400984,0,84,0,0,11607.5,384,[84 -64 4 0 0 0 0 0 0 0 0 0 14 -13 14 -12 16 -12 16 -11 16 -11 15 -10 16 -9 16 -9 17 -9 17 -8 16 -8 17 -7 17 -7 17 -7 16 -7 17 -7 16 -7 16 -7 15 -6 16 -6 16 -6 16 -6 15 -6 15 -6 15 -6 14 -7 0 0 14 -7 14 -7 14 -7 14 -8 13 -7 13 -8 14 -8 13 -8 13 -8 12 -9 12 -9 12 -9 12 -9 12 -10 12 -10 11 -10 12 -11 11 -11 11 -11 10 -11 11 -11 11 -12 11 -12 10 -12 11 -12 10 -12 0 0 0 0 0 0 0 0 0 0 ],1717575981.057343
CSI_DATA,AP,B0:A7:32:D7:5B:54,-44,11,1,7,1,1,1,1,0,0,0,-96,1,6,1,3017405816,0,84,0,0,11607.5,384,[84 -64 4 0 0 0 0 0 0 0 0 0 -15 12 -15 12 -16 12 -17 11 -17 11 -16 10 -17 10 -17 9 -17 9 -18 9 -17 8 -18 8 -18 7 -18 7 -17 7 -17 7 -17 7 -17 7 -16 6 -16 7 -16 6 -16 6 -16 6 -16 6 -16 6 -15 6 0 0 -15 7 -15 7 -14 7 -15 8 -14 7 -14 7 -14 8 -14 8 -14 8 -13 8 -13 9 -13 9 -13 9 -13 9 -12 10 -12 10 -13 10 -12 10 -12 10 -12 10 -12 11 -12 11 -12 11 -12 11 -12 11 -12 11 0 0 0 0 0 0 0 0 0 0 ],1717575981.074001
CSI_DATA,AP,B0:A7:32:D7:5B:54,-44,11,1,7,1,1,1,1,0,0,0,-96,1,6,1,3017415909,0,84,0,0,11607.5,384,[84 -64 4 0 0 0 0 0 0 0 0 0 14 -13 14 -13 15 -13 16 -12 16 -12 16 -11 16 -10 16 -10 17 -10 17 -10 17 -9 17 -9 17 -8 17 -8 17 -8 17 -8 16 -7 16 -7 16 -7 16 -7 16 -7 16 -7 15 -7 15 -7 15 -7 14 -7 0 0 14 -7 15 -8 14 -8 14 -8 13 -8 13 -8 13 -8 13 -9 13 -9 12 -9 12 -9 12 -9 12 -10 12 -10 12 -10 11 -10 12 -11 11 -11 11 -11 11 -12 11 -12 11 -12 11 -12 11 -12 11 -12 11 -12 0 0 0 0 0 0 0 0 0 0 ],1717575981.0908256
CSI_DATA,AP,B0:A7:32:D7:5B:54,-43,11,1,6,1,1,1,1,0,0,0,-96,1,6,1,3017440823,0,84,0,0,11607.6,384,[84 -64 4 0 0 0 0 0 0 0 0 0 -16 10 -16 9 -18 10 -18 9 -18 8 -18 7 -18 7 -18 6 -18 6 -19 5 -18 5 -19 5 -19 5 -19 5 -18 4 -18 4 -17 4 -17 4 -17 3 -17 3 -17 3 -17 3 -17 3 -17 3 -17 3 -16 3 0 0 -16 4 -16 4 -16 4 -16 4 -15 4 -16 4 -16 4 -15 5 -16 5 -15 5 -15 6 -15 6 -15 7 -14 7 -14 6 -14 7 -14 7 -14 7 -14 7 -14 8 -14 7 -15 8 -14 8 -14 9 -14 8 -14 9 0 0 0 0 0 0 0 0 0 0 ],1717575981.106936
CSI_DATA,AP,B0:A7:32:D7:5B:54,-44,11,1,7,1,1,1,1,0,0,0,-96,1,6,1,3017445693,0,84,0,0,11607.6,384,[84 -64 4 0 0 0 0 0 0 0 0 0 -14 13 -15 12 -16 12 -16 12 -16 11 -16 10 -17 10 -17 9 -17 9 -17 9 -17 9 -17 8 -18 8 -17 8 -17 7 -17 8 -16 7 -16 7 -16 7 -16 7 -16 6 -16 7 -15 6 -15 7 -15 7 -15 7 0 0 -15 7 -15 7 -14 7 -14 8 -14 8 -14 8 -14 8 -14 8 -13 8 -13 9 -13 9 -13 9 -13 10 -12 10 -12 10 -12 10 -12 11 -11 11 -12 11 -11 11 -11 11 -11 11 -11 12 -11 12 -11 12 -11 12 0 0 0 0 0 0 0 0 0 0 ],1717575981.1235838
CSI_DATA,AP,B0:A7:32:D7:5B:54,-43,11,1,5,1,1,1,1,0,0,0,-96,1,6,1,3017451984,0,84,0,0,11607.6,384,[84 -64 4 0 0 0 0 0 0 0 0 0 20 5 19 5 20 6 19 7 19 8 18 8 17 9 17 9 17 10 18 10 17 10 17 10 17 10 17 11 16 11 16 11 15 10 15 10 15 10 15 11 14 11 15 10 14 10 14 9 15 10 14 9 0 0 14 9 15 9 15 8 15 7 14 8 15 8 15 8 15 7 15 7 15 6 15 5 15 5 16 5 16 5 16 5 16 4 17 4 16 3 16 4 16 3 16 4 17 4 17 3 17 2 17 3 16 2 0 0 0 0 0 0 0 0 0 0 ],1717575981.1382785
CSI_DATA,AP,B0:A7:32:D7:5B:54,-44,11,1,6,1,1,1,1,0,0,0,-96,1,6,1,3017457467,0,84,0,0,11607.6,384,[84 -64 4 0 0 0 0 0 0 0 0 0 17 -6 17 -6 18 -6 19 -5 18 -4 18 -3 18 -3 18 -2 18 -2 18 -2 18 -1 18 -1 18 -1 18 -1 18 -1 17 0 17 0 16 0 17 0 17 0 16 0 16 0 16 0 16 0 16 0 15 -1 0 0 15 -1 15 -1 15 -1 15 -2 15 -2 15 -2 15 -2 15 -3 15 -3 14 -3 14 -4 15 -4 15 -4 15 -4 14 -4 14 -5 14 -5 14 -6 14 -6 14 -6 14 -6 14 -6 14 -6 14 -7 14 -7 14 -7 0 0 0 0 0 0 0 0 0 0 ],1717575981.1538913
CSI_DATA,AP,B0:A7:32:D7:5B:54,-44,11,1,6,1,1,1,1,0,0,0,-96,1,6,1,3017473426,0,84,0,0,11607.6,384,[84 -64 4 0 0 0 0 0 0 0 0 0 -16 9 -17 9 -18 9 -18 8 -18 8 -17 7 -18 6 -18 5 -18 5 -18 5 -18 5 -19 4 -19 4 -18 4 -18 3 -18 3 -17 3 -17 3 -17 3 -17 3 -17 2 -17 3 -16 3 -16 3 -16 3 -16 3 0 0 -16 3 -16 4 -15 4 -15 4 -15 4 -15 4 -15 4 -15 4 -15 5 -14 5 -14 6 -14 6 -14 6 -14 6 -14 6 -14 7 -14 7 -13 7 -13 7 -13 7 -14 7 -14 8 -14 8 -13 8 -13 8 -13 8 0 0 0 0 0 0 0 0 0 0 ],1717575981.169813
CSI_DATA,AP,B0:A7:32:D7:5B:54,-45,11,1,7,1,1,1,1,0,0,0,-96,1,6,1,3017477319,0,84,0,0,11607.6,384,[84 -64 4 0 0 0 0 0 0 0 0 0 13 12 13 13 13 14 12 14 12 15 11 14 10 15 10 15 9 15 9 15 9 15 9 15 8 15 8 16 8 15 7 15 7 15 7 15 7 15 6 15 6 15 6 14 6 14 7 14 7 14 7 14 0 0 7 14 7 13 7 13 7 13 7 13 7 13 7 13 7 12 8 12 8 12 9 11 9 11 9 12 9 11 9 11 10 11 10 11 10 10 10 11 10 10 10 11 10 11 11 10 11 10 11 10 11 10 0 0 0 0 0 0 0 0 0 0 ],1717575981.1847458
CSI_DATA,AP,B0:A7:32:D7:5B:54,-44,11,1,7,1,1,1,1,0,0,0,-96,1,6,1,3017486004,0,84,0,0,11607.6,384,[84 -64 4 0 0 0 0 0 0 0 0 0 -14 -14 -14 -14 -13 -15 -13 -15 -12 -16 -11 -15 -11 -16 -10 -16 -10 -16 -10 -17 -10 -16 -9 -16 -9 -16 -9 -17 -9 -17 -8 -16 -8 -16 -8 -15 -8 -15 -7 -16 -8 -16 -8 -16 -7 -15 -8 -15 -8 -15 -8 -14 0 0 -8 -14 -8 -14 -8 -14 -9 -14 -9 -13 -9 -13 -9 -13 -9 -13 -10 -13 -10 -12 -10 -12 -10 -12 -10 -12 -11 -12 -11 -12 -11 -11 -12 -12 -11 -11 -11 -11 -11 -11 -12 -11 -12 -11 -12 -11 -13 -10 -13 -11 -13 -11 0 0 0 0 0 0 0 0 0 0 ],1717575981.2035272
CSI_DATA,AP,B0:A7:32:D7:5B:54,-45,11,1,7,1,1,1,1,0,0,0,-96,1,6,1,3017502450,0,84,0,0,11607.6,384,[84 -64 4 0 0 0 0 0 0 0 0 0 6 -18 7 -18 8 -17 9 -18 9 -17 9 -16 10 -16 10 -16 10 -16 10 -16 10 -15 11 -15 11 -15 11 -15 11 -15 11 -14 11 -13 10 -13 11 -13 11 -13 10 -13 11 -13 10 -13 10 -13 10 -13 9 -13 0 0 9 -13 9 -13 9 -13 8 -13 8 -13 8 -13 8 -13 7 -13 7 -14 6 -14 6 -14 6 -14 6 -14 6 -14 6 -14 5 -15 5 -15 5 -15 5 -15 4 -15 4 -15 4 -16 4 -15 3 -16 4 -16 3 -16 0 0 0 0 0 0 0 0 0 0 ],1717575981.2201247
CSI_DATA,AP,B0:A7:32:D7:5B:54,-43,11,1,5,1,1,1,1,0,0,0,-96,1,6,1,3017513911,0,84,0,0,11607.6,384,[84 -64 4 0 0 0 0 0 0 0 0 0 17 -4 17 -3 18 -3 18 -2 18 -2 17 -1 17 0 17 1 17 1 17 1 17 0 17 1 17 1 18 1 17 2 17 2 16 2 16 2 16 2 15 2 15 3 16 3 14 2 15 1 15 1 15 1 0 0 15 1 15 1 15 0 15 0 14 0 14 0 15 0 14 0 14 0 13 -2 14 -3 14 -2 14 -2 14 -3 14 -3 14 -3 14 -3 14 -4 13 -3 13 -4 14 -3 14 -4 14 -5 14 -6 14 -5 14 -6 0 0 0 0 0 0 0 0 0 0 ],1717575981.2351558
CSI_DATA,AP,B0:A7:32:D7:5B:54,-44,11,1,6,1,1,1,1,0,0,0,-96,1,6,1,3017517316,0,84,0,0,11607.6,384,[84 -64 4 0 0 0 0 0 0 0 0 0 -12 16 -12 16 -13 16 -14 16 -14 15 -14 14 -15 14 -15 13 -15 13 -15 13 -15 13 -16 12 -16 12 -16 12 -16 11 -16 11 -15 11 -15 11 -15 11 -15 10 -15 10 -15 10 -15 10 -14 10 -14 11 -14 10 0 0 -14 10 -13 11 -13 11 -13 11 -12 11 -13 11 -13 11 -12 11 -12 12 -11 12 -11 12 -11 12 -11 13 -11 13 -10 13 -10 13 -10 14 -9 13 -10 13 -9 13 -10 14 -10 14 -9 15 -8 15 -9 15 -8 15 0 0 0 0 0 0 0 0 0 0 ],1717575981.2527187
CSI_DATA,AP,B0:A7:32:D7:5B:54,-45,11,1,7,1,1,1,1,0,0,0,-96,1,6,1,3017532428,0,84,0,0,11607.6,384,[84 -64 4 0 0 0 0 0 0 0 0 0 -2 -21 -2 -20 -1 -21 -1 -22 0 -21 1 -20 2 -20 2 -20 3 -20 3 -20 3 -20 3 -20 4 -20 4 -20 4 -19 4 -19 4 -19 4 -18 4 -18 4 -18 4 -18 4 -18 4 -17 4 -17 4 -17 3 -17 0 0 3 -17 3 -17 3 -17 2 -17 2 -16 2 -17 2 -17 1 -17 1 -17 0 -17 0 -16 0 -16 0 -17 -1 -17 -1 -17 -1 -17 -2 -17 -1 -17 -2 -17 -2 -17 -2 -17 -3 -17 -3 -18 -3 -17 -3 -17 -3 -17 0 0 0 0 0 0 0 0 0 0 ],1717575981.269344
CSI_DATA,AP,B0:A7:32:D7:5B:54,-45,11,1,7,1,1,1,1,0,0,0,-96,1,6,1,3017538275,0,84,0,0,11607.7,384,[84 -64 4 0 0 0 0 0 0 0 0 0 9 15 8 16 8 16 8  7-15 -5 -16 -65- -5 -15 -6 -15 0 0 0 0 0 0 0 0 0 0 ],1717575981.2761161
CSI_DATA,AP,B0:A7:32:D7:5B:54,-44,11,1,6,1,1,1,1,0,0,0,-96,1,6,1,3017667226,0,84,0,0,11607.8,384,[84 -64 4 0 0 0 0 0 0 0 0 0 -3 -20 -2 -20 -2 -21 -1 -21 0 -21 0 -20 1 -20 2 -20 3 -20 2 -20 3 -20 3 -20 3 -19 3 -20 4 -19 4 -19 4 -18 4 -18 4 -18 5 -18 5 -17 5 -18 4 -17 4 -17 4 -18 3 -17 0 0 3 -17 3 -17 3 -17 2 -17 2 -16 3 -17 2 -17 2 -17 2 -16 1 -17 0 -16 0 -16 0 -17 0 -17 0 -17 -1 -17 -1 -18 -1 -17 -1 -17 -1 -17 -1 -17 -1 -18 -2 -18 -3 -18 -2 -17 -3 -17 0 0 0 0 0 0 0 0 0 0 ],1717575981.2926145
CSI_DATA,AP,B0:A7:32:D7:5B:54,-43,11,1,5,1,1,1,1,0,0,0,-96,1,6,1,3017679224,0,84,0,0,11607.8,384,[84 -64 4 0 0 0 0 0 0 0 0 0 -17 -6 -17 -6 -18 -7 -17 -8 -17 -8 -15 -8 -16 -9 -15 -9 -15 -10 -15 -10 -15 -10 -15 -10 -15 -10 -15 -11 -14 -11 -14 -11 -13 -10 -13 -10 -13 -10 -13 -10 -13 -10 -13 -10 -13 -10 -13 -10 -13 -10 -13 -9 0 0 -13 -9 -13 -9 -13 -8 -14 -8 -13 -8 -13 -8 -13 -8 -13 -7 -13 -7 -14 -7 -14 -6 -14 -6 -14 -6 -14 -5 -14 -6 -14 -5 -15 -5 -14 -4 -14 -4 -14 -4 -15 -5 -15 -4 -15 -4 -15 -3 -15 -4 -15 -3 0 0 0 0 0 0 0 0 0 0 ],1717575981.3109725
CSI_DATA,AP,B0:A7:32:D7:5B:54,-44,11,1,6,1,1,1,1,0,0,0,-96,1,6,1,3017685661,0,84,0,0,11607.8,384,[84 -64 4 0 0 0 0 0 0 0 0 0 17 1 17 1 18 2 18 3 18 3 16 3 17 4 17 4 17 5 17 5 16 5 16 6 16 6 16 6 16 6 16 6 15 6 15 5 14 6 15 6 14 6 14 5 14 5 14 5 14 5 14 5 0 0 14 4 14 4 14 4 14 3 13 3 14 3 14 3 14 2 14 2 14 2 14 1 14 2 14 1 14 1 14 1 14 0 15 0 14 -1 14 -1 14 -1 14 -1 15 -1 15 -1 15 -2 15 -1 15 -2 0 0 0 0 0 0 0 0 0 0 ],1717575981.3254611
CSI_DATA,AP,B0:A7:32:D7:5B:54,-44,11,1,6,1,1,1,1,0,0,0,-96,1,6,1,3017696604,0,84,0,0,11607.8,384,[84 -64 4 0 0 0 0 0 0 0 0 0 -13 11 -14 11 -15 11 -16 11 -15 10 -16 9 -16 8 -16 8 -16 8 -16 8 -16 8 -16 7 -16 7 -16 7 -16 6 -16 6 -16 6 -15 5 -16 6 -16 5 -15 5 -15 5 -15 5 -15 5 -15 6 -15 6 0 0 -14 5 -14 6 -14 6 -14 6 -14 6 -14 6 -14 6 -13 6 -13 7 -13 7 -13 8 -13 8 -13 8 -13 8 -12 8 -13 8 -13 9 -12 9 -12 8 -12 9 -12 9 -12 9 -12 10 -12 10 -12 10 -11 10 0 0 0 0 0 0 0 0 0 0 ],1717575981.341706
CSI_DATA,AP,B0:A7:32:D7:5B:54,-44,11,1,6,1,1,1,1,0,0,0,-96,1,6,1,3017706953,0,84,0,0,11607.8,384,[84 -64 4 0 0 0 0 0 0 0 0 0 10 14 9 14 10 15 9 16 8 16 8 15 7 16 6 16 6 16 6 16 6 16 6 16 6 16 5 16 5 16 5 16 4 15 4 15 4 15 4 15 4 15 4 15 4 14 5 14 5 15 4 14 0 0 5 14 5 14 5 14 5 13 5 13 5 13 5 14 6 13 6 13 6 12 7 12 7 12 8 12 8 12 7 12 8 11 8 12 8 11 8 11 9 11 8 11 9 12 9 11 10 11 10 11 10 11 0 0 0 0 0 0 0 0 0 0 ],1717575981.3561013
CSI_DATA,AP,B0:A7:32:D7:5B:54,-44,11,1,6,1,1,1,1,0,0,0,-96,1,6,1,3017720255,0,84,0,0,11607.8,384,[84 -64 4 0 0 0 0 0 0 0 0 0 1 20 1 19 0 20 0 20 -1 21 -2 19 -2 19 -3 18 -3 19 -4 20 -4 19 -4 19 -4 19 -5 19 -5 18 -4 18 -4 17 -4 17 -5 17 -5 17 -5 17 -5 17 -5 17 -4 17 -4 17 -4 16 0 0 -3 16 -3 16 -2 16 -2 16 -2 16 -2 16 -2 16 -2 16 -2 16 -1 16 0 16 0 16 0 16 1 16 1 16 2 15 2 17 2 15 2 16 2 16 2 16 3 16 3 16 4 16 3 16 4 16 0 0 0 0 0 0 0 0 0 0 ],1717575981.3713038
CSI_DATA,AP,B0:A7:32:D7:5B:54,-41,11,1,2,1,1,1,1,0,0,0,-96,2,6,1,3017742890,0,84,0,0,11607.9,384,[84 -64 4 0 0 0 0 0 0 0 0 0 5 -19 6 -18 7 -20 8 -20 8 -20 8 -17 9 -17 10 -16 10 -17 10 -17 11 -17 11 -17 12 -17 12 -16 12 -15 11 -16 11 -14 11 -14 11 -13 11 -13 12 -13 12 -14 11 -12 10 -14 12 -15 10 -14 0 0 10 -14 10 -14 10 -14 9 -15 9 -13 9 -14 10 -14 9 -14 8 -14 7 -14 6 -15 7 -14 7 -15 5 -15 6 -15 5 -15 6 -17 4 -16 5 -15 4 -15 6 -15 5 -16 5 -16 3 -17 5 -15 4 -16 0 0 0 0 0 0 0 0 0 0 ],1717575981.3880043
CSI_DATA,AP,B0:A7:32:D7:5B:54,-44,11,1,6,1,1,1,1,0,0,0,-96,1,6,1,3017747769,0,84,0,0,11607.9,384,[84 -64 4 0 0 0 0 0 0 0 0 0 2 15 2 15 2 16 1 16 0 16 0 15 -1 15 -1 15 -1 15 -1 15 -2 15 -2 15 -2 15 -2 15 -3 15 -2 15 -3 14 -3 13 -3 13 -3 13 -3 14 -3 14 -3 13 -2 13 -2 14 -2 13 0 0 -2 13 -1 13 -1 13 -1 13 -1 12 -1 12 -1 13 -1 12 -1 13 0 12 0 12 0 12 1 13 1 13 1 12 1 12 2 13 2 12 2 12 2 12 2 12 2 13 3 13 3 12 3 13 3 12 0 0 0 0 0 0 0 0 0 0 ],1717575981.4031925
CSI_DATA,AP,B0:A7:32:D7:5B:54,-44,11,1,6,1,1,1,1,0,0,0,-96,1,6,1,3017754650,0,84,0,0,11607.9,384,[84 -64 4 0 0 0 0 0 0 0 0 0 -10 -18 -9 -18 -9 -19 -8 -20 -8 -20 -7 -19 -6 -19 -5 -19 -5 -20 -5 -20 -4 -20 -4 -20 -4 -20 -4 -20 -3 -19 -4 -19 -3 -18 -3 -18 -3 -19 -3 -19 -3 -18 -3 -18 -3 -18 -3 -18 -3 -18 -3 -17 0 0 -4 -17 -4 -17 -4 -17 -5 -17 -4 -16 -5 -16 -5 -17 -5 -16 -6 -16 -6 -16 -6 -15 -6 -15 -6 -16 -7 -15 -7 -15 -8 -15 -8 -16 -8 -15 -8 -14 -9 -15 -8 -15 -9 -15 -9 -15 -10 -15 -9 -15 -9 -15 0 0 0 0 0 0 0 0 0 0 ],1717575981.421028
CSI_DATA,AP,B0:A7:32:D7:5B:54,-44,11,1,6,1,1,1,1,0,0,0,-96,1,6,1,3017764588,0,84,0,0,11607.9,384,[84 -64 4 0 0 0 0 0 0 0 0 0 6 -17 7 -17 8 -17 9 -17 9 -16 9 -16 9 -15 9 -15 10 -15 10 -15 10 -15 10 -15 10 -15 11 -15 11 -14 11 -13 11 -13 10 -12 10 -13 11 -12 10 -12 10 -13 10 -12 9 -12 10 -13 9 -12 0 0 9 -12 9 -12 9 -13 8 -12 8 -12 8 -12 9 -13 7 -13 8 -14 7 -13 6 -13 6 -13 6 -14 6 -14 6 -13 6 -14 6 -14 5 -14 5 -14 5 -14 5 -14 5 -15 4 -15 4 -15 4 -15 4 -15 0 0 0 0 0 0 0 0 0 0 ],1717575981.4375668
CSI_DATA,AP,B0:A7:32:D7:5B:54,-44,11,1,6,1,1,1,1,0,0,0,-96,1,6,1,3017773328,0,84,0,0,11607.9,384,[84 -64 4 0 0 0 0 0 0 0 0 0 -14 12 -14 11 -16 11 -16 10 -16 10 -16 9 -16 8 -16 8 -17 8 -17 8 -17 7 -17 7 -17 7 -17 7 -17 6 -17 6 -16 6 -16 6 -15 6 -16 5 -16 5 -16 5 -15 5 -15 6 -15 6 -15 6 0 0 -15 6 -14 6 -14 6 -14 7 -13 7 -14 7 -14 7 -13 7 -13 7 -12 8 -12 8 -12 8 -12 9 -12 9 -12 9 -11 9 -12 10 -11 9 -11 10 -11 10 -11 10 -11 10 -11 11 -10 11 -11 11 -10 11 0 0 0 0 0 0 0 0 0 0 ],1717575981.4540606
CSI_DATA,AP,B0:A7:32:D7:5B:54,-44,11,1,6,1,1,1,1,0,0,0,-96,1,6,1,3017786870,0,84,0,0,11607.9,384,[84 -64 4 0 0 0 0 0 0 0 0 0 -10 -16 -9 -16 -10 -17 -9 -17 -9 -17 -7 -16 -7 -17 -7 -17 -7 -17 -6 -18 -5 -17 -5 -18 -5 -17 -5 -17 -5 -17 -5 -17 -4 -16 -4 -16 -4 -16 -4 -16 -4 -16 -4 -16 -4 -16 -4 -15 -4 -16 -4 -15 0 0 -5 -15 -5 -15 -5 -14 -5 -15 -5 -14 -6 -15 -6 -14 -6 -14 -7 -14 -7 -14 -7 -14 -7 -14 -7 -14 -7 -13 -8 -13 -8 -13 -9 -14 -8 -13 -9 -13 -9 -12 -9 -13 -10 -13 -10 -13 -10 -13 -9 -13 -10 -13 0 0 0 0 0 0 0 0 0 0 ],1717575981.4722252
CSI_DATA,AP,B0:A7:32:D7:5B:54,-44,11,1,6,1,1,1,1,0,0,0,-96,1,6,1,3017793521,0,84,0,0,11607.9,384,[84 -64 4 0 0 0 0 0 0 0 0 0 17 -5 17 -5 18 -4 18 -3 18 -3 17 -3 18 -2 17 -2 18 -1 18 -1 17 0 18 0 18 0 17 0 17 0 17 0 16 1 16 0 16 1 16 0 16 0 16 0 16 0 15 0 16 0 15 0 0 0 14 0 15 -1 14 -1 15 -1 14 -1 14 -2 14 -2 14 -2 15 -2 14 -3 14 -3 14 -3 14 -3 14 -4 14 -4 13 -5 14 -5 14 -5 13 -5 13 -6 14 -5 14 -6 14 -6 13 -7 14 -6 13 -6 0 0 0 0 0 0 0 0 0 0 ],1717575981.4877326
CSI_DATA,AP,B0:A7:32:D7:5B:54,-44,11,1,6,1,1,1,1,0,0,0,-96,1,6,1,3017804556,0,84,0,0,11607.9,384,[84 -64 4 0 0 0 0 0 0 0 0 0 17 -5 17 -4 18 -4 18 -3 18 -3 17 -2 18 -2 17 -1 18 -1 18 -1 17 -1 18 0 17 0 17 0 17 1 17 1 16 1 16 1 16 0 16 1 16 1 16 1 15 0 15 0 16 0 15 0 0 0 15 0 15 0 15 -1 15 -1 14 -1 14 -1 15 -1 14 -2 15 -2 14 -3 14 -3 14 -3 14 -3 14 -4 14 -4 14 -4 14 -5 14 -5 14 -5 13 -5 14 -5 14 -5 14 -6 14 -6 14 -6 14 -7 0 0 0 0 0 0 0 0 0 0 ],1717575981.5032706
CSI_DATA,AP,B0:A7:32:D7:5B:54,-44,11,1,6,1,1,1,1,0,0,0,-96,1,6,1,3017816220,0,84,0,0,11607.9,384,[84 -64 4 0 0 0 0 0 0 0 0 0 9 -16 10 -15 10 -15 11 -15 12 -15 11 -14 12 -13 13 -12 13 -13 13 -12 13 -12 13 -12 13 -12 13 -12 13 -11 13 -12 13 -11 13 -11 13 -10 13 -10 13 -9 12 -10 12 -10 12 -10 12 -10 12 -10 0 0 11 -10 12 -11 11 -11 11 -11 10 -10 11 -11 11 -11 10 -11 10 -11 9 -11 9 -12 9 -12 9 -12 9 -12 8 -12 8 -13 8 -13 8 -13 8 -13 8 -13 8 -13 7 -13 8 -14 7 -14 7 -14 7 -14 0 0 0 0 0 0 0 0 0 0 ],1717575981.5203605
CSI_DATA,AP,B0:A7:32:D7:5B:54,-43,11,1,6,1,1,1,1,0,0,0,-96,1,6,1,3017823634,0,84,0,0,11607.9,384,[84 -64 4 0 0 0 0 0 0 0 0 0 7 -17 7 -17 8 -17 9 -16 9 -17 9 -15 10 -16 10 -15 10 -15 11 -15 12 -14 12 -14 12 -13 12 -13 11 -13 11 -14 10 -12 11 -13 10 -13 10 -13 10 -12 10 -13 10 -12 10 -12 10 -12 9 -12 0 0 9 -12 9 -13 8 -12 8 -13 8 -12 8 -13 7 -13 7 -13 6 -14 6 -13 6 -13 6 -13 6 -13 5 -13 5 -14 4 -14 5 -15 4 -14 4 -14 3 -15 4 -15 3 -15 4 -16 3 -15 3 -15 3 -15 0 0 0 0 0 0 0 0 0 0 ],1717575981.536864
CSI_DATA,AP,B0:A7:32:D7:5B:54,-44,11,1,6,1,1,1,1,0,0,0,-96,1,6,1,3017838338,0,84,0,0,11608,384,[84 -64 4 0 0 0 0 0 0 0 0 0 11 -14 11 -14 12 -14 13 -14 13 -13 13 -12 13 -12 14 -11 14 -11 14 -11 14 -10 15 -10 14 -10 15 -10 14 -9 14 -10 14 -9 14 -9 14 -9 14 -9 14 -8 14 -9 13 -8 13 -9 13 -9 12 -9 0 0 12 -9 12 -9 12 -9 12 -10 11 -9 12 -9 12 -9 11 -10 11 -10 10 -10 10 -11 10 -11 10 -11 10 -11 9 -11 9 -11 10 -12 9 -12 9 -12 9 -12 9 -12 9 -12 9 -13 8 -13 9 -13 8 -13 0 0 0 0 0 0 0 0 0 0 ],1717575981.5536528
CSI_DATA,AP,B0:A7:32:D7:5B:54,-44,11,1,6,1,1,1,1,0,0,0,-96,1,6,1,3017852075,0,84,0,0,11608,384,[84 -64 4 0 0 0 0 0 0 0 0 0 -15 11 -15 10 -16 10 -17 10 -17 9 -16 8 -17 7 -17 7 -17 7 -17 7 -17 6 -18 6 -17 6 -18 5 -17 5 -17 5 -17 5 -16 5 -16 4 -16 4 -16 4 -16 4 -16 4 -16 4 -16 4 -15 5 0 0 -15 5 -15 5 -15 5 -14 5 -14 5 -14 5 -14 5 -14 6 -14 6 -14 6 -13 7 -13 7 -13 7 -13 8 -13 7 -13 8 -13 8 -12 8 -13 8 -13 8 -13 8 -13 9 -13 9 -12 10 -12 9 -12 10 0 0 0 0 0 0 0 0 0 0 ],1717575981.5697246
CSI_DATA,AP,B0:A7:32:D7:5B:54,-44,11,1,6,1,1,1,1,0,0,0,-96,1,6,1,3017855371,0,84,0,0,11608,384,[84 -64 4 0 0 0 0 0 0 0 0 0 -13 -13 -13 -14 -13 -14 -12 -15 -12 -15 -11 -15 -10 -15 -10 -15 -10 -16 -10 -17 -9 -16 -9 -16 -9 -16 -9 -16 -8 -16 -8 -16 -8 -15 -8 -15 -7 -15 -7 -16 -7 -16 -7 -16 -7 -15 -7 -15 -7 -15 -7 -14 0 0 -7 -14 -8 -14 -8 -14 -8 -14 -8 -13 -8 -14 -8 -14 -8 -13 -9 -13 -9 -13 -10 -12 -9 -12 -10 -12 -10 -12 -10 -12 -10 -11 -11 -12 -10 -11 -10 -11 -11 -11 -11 -12 -11 -11 -12 -11 -12 -11 -12 -11 -12 -11 0 0 0 0 0 0 0 0 0 0 ],1717575981.5882814
CSI_DATA,AP,B0:A7:32:D7:5B:54,-44,11,1,6,1,1,1,1,0,0,0,-96,1,6,1,3017864423,0,84,0,0,11608,384,[84 -64 4 0 0 0 0 0 0 0 0 0 -18 4 -18 3 -19 3 -19 2 -19 1 -18 1 -18 0 -18 0 -19 0 -19 0 -18 -1 -19 -1 -19 -1 -18 -1 -18 -2 -18 -2 -17 -2 -17 -2 -17 -2 -17 -2 -17 -2 -17 -2 -16 -2 -16 -1 -17 -1 -16 -1 0 0 -16 -1 -16 0 -16 0 -16 0 -15 0 -15 0 -16 0 -15 1 -15 1 -15 1 -15 2 -15 2 -15 3 -15 3 -15 3 -15 3 -15 3 -14 4 -15 4 -15 4 -15 4 -15 4 -15 5 -14 5 -15 5 -15 5 0 0 0 0 0 0 0 0 0 0 ],1717575981.6049724
CSI_DATA,AP,B0:A7:32:D7:5B:54,-44,11,1,6,1,1,1,1,0,0,0,-96,1,6,1,3017875958,0,84,0,0,11608,384,[84 -64 4 0 0 0 0 0 0 0 0 0 -14 -16 -13 -16 -13 -17 -13 -18 -12 -18 -11 -17 -10 -18 -9 -18 -9 -19 -9 -19 -9 -18 -9 -19 -9 -19 -8 -19 -8 -18 -8 -19 -7 -18 -7 -17 -7 -18 -6 -18 -6 -18 -7 -18 -7 -17 -7 -17 -7 -17 -7 -16 0 0 -7 -16 -8 -16 -8 -15 -8 -15 -8 -15 -8 -15 -8 -16 -8 -15 -9 -15 -9 -14 -10 -14 -10 -14 -10 -14 -10 -14 -10 -14 -11 -13 -11 -148005202,0,84,0,0,11608.1,384,[84 -64 4 0 0 0 0 0 0 0 0 0 5 -16 6 -16 6 -17 7 -16 7 -16 7 -15 8 -15 8 -14 9 -14 9 -14 9 -14 9 -14 9 -14 10 -13 9 -13 9 -13 9 -12 9 -12 9 -12 9 -12 10 -12 9 -12 9 -11 8 -12 9 -12 8 -12 0 0 8 -11 8 -12 8 -12 7 -12 7 -12 7 -12 7 -12 6 -12 7 -12 6 -12 6 -13 5 -12 6 -13 5 -12 5 -13 4 -13 5 -14 4 -13 4 -13 4 -13 4 -13 4 -14 4 -14 3 -14 4 -14 3 -14 0 0 0 0 0 0 0 0 0 0 ],1717575981.633944
CSI_DATA,AP,B0:A7:32:D7:5B:54,-44,11,1,7,1,1,1,1,0,0,0,-96,1,6,1,3018014562,0,84,0,0,11608.1,384,[84 -64 4 0 0 0 0 0 0 0 0 0 17 -8 18 -7 18 -7 18 -6 19 -6 18 -5 18 -4 18 -4 18 -4 19 -3 18 -2 19 -2 19 -2 18 -2 18 -2 18 -2 17 -2 17 -2 17 -2 17 -2 17 -1 17 -2 16 -2 16 -2 16 -2 16 -2 0 0 15 -3 16 -3 15 -3 15 -3 15 -3 15 -4 15 -4 15 -4 15 -5 14 -5 14 -5 14 -5 14 -5 14 -6 14 -6 14 -7 14 -7 13 -7 14 -8 13 -8 14 -8 13 -8 14 -9 13 -9 13 -8 13 -9 0 0 0 0 0 0 0 0 0 0 ],1717575981.649979
CSI_DATA,AP,B0:A7:32:D7:5B:54,-45,11,1,7,1,1,1,1,0,0,0,-96,1,6,1,3018023966,0,84,0,0,11608.1,384,[84 -64 4 0 0 0 0 0 0 0 0 0 12 -17 13 -16 13 -17 14 -17 14 -16 14 -14 15 -14 15 -14 15 -14 16 -14 16 -13 16 -13 16 -13 16 -12 15 -12 16 -12 15 -11 15 -12 15 -11 15 -11 15 -11 14 -11 14 -11 14 -11 14 -11 13 -11 0 0 13 -12 13 -12 12 -12 12 -12 11 -12 12 -12 11 -12 11 -13 11 -13 10 -13 10 -13 10 -13 10 -14 10 -14 9 -14 9 -15 9 -15 8 -15 8 -15 8 -16 8 -15 8 -16 8 -16 7 -16 7 -16 7 -16 0 0 0 0 0 0 0 0 0 0 ],1717575981.667388
CSI_DATA,AP,B0:A7:32:D7:5B:54,-43,11,1,5,1,1,1,1,0,0,0,-96,1,6,1,3018041980,0,84,0,0,11608.2,384,[84 -64 4 0 0 0 0 0 0 0 0 0 -5 -19 -5 -18 -5 -20 -4 -20 -3 -20 -2 -18 -1 -19 -1 -19 0 -19 0 -20 0 -19 0 -19 0 -19 0 -19 1 -18 1 -19 1 -17 1 -17 1 -17 2 -17 2 -17 2 -17 1 -16 1 -17 1 -17 0 -16 0 0 0 -16 0 -17 0 -16 -1 -16 0 -16 0 -16 0 -16 -1 -16 -1 -16 -2 -16 -3 -15 -3 -15 -3 -15 -3 -15 -3 -16 -4 -15 -4 -16 -4 -15 -4 -15 -4 -15 -4 -15 -5 -16 -5 -16 -6 -16 -5 -15 -6 -15 0 0 0 0 0 0 0 0 0 0 ],1717575981.6844058
CSI_DATA,AP,B0:A7:32:D7:5B:54,-42,11,1,5,1,1,1,1,0,0,0,-96,1,6,1,3018054214,0,84,0,0,11608.2,384,[84 -64 4 0 0 0 0 0 0 0 0 0 0 -20 0 -19 1 -21 1 -20 2 -21 2 -18 3 -19 3 -18 4 -19 5 -19 5 -19 6 -19 6 -18 6 -18 5 -17 6 -19 5 -16 5 -17 5 -16 5 -17 5 -17 5 -17 6 -16 5 -16 5 -17 5 -16 0 0 4 -16 4 -17 3 -15 3 -17 3 -15 3 -16 3 -16 2 -16 2 -16 1 -16 1 -16 2 -15 1 -16 0 -15 0 -16 -1 -15 -1 -17 -1 -15 -1 -16 -2 -16 -1 -16 -2 -16 -2 -17 -2 -16 -2 -17 -2 -16 0 0 0 0 0 0 0 0 0 0 ],1717575981.7007887
CSI_DATA,AP,B0:A7:32:D7:5B:54,-44,11,1,7,1,1,1,1,0,0,0,-96,1,6,1,3018054690,0,84,0,0,11608.2,384,[84 -64 4 0 0 0 0 0 0 0 0 0 16 6 15 6 16 8 15 8 15 9 13 8 14 9 13 9 14 9 13 10 13 10 13 11 12 11 12 11 12 10 12 11 11 10 12 10 11 10 11 10 11 10 11 10 11 10 11 9 11 10 10 9 0 0 11 9 12 9 11 8 12 8 11 8 11 7 12 7 11 7 12 7 11 7 12 6 11 6 12 6 12 6 13 6 12 5 13 5 12 5 13 5 13 4 13 4 13 4 14 5 13 4 13 4 13 4 0 0 0 0 0 0 0 0 0 0 ],1717575981.7154667
CSI_DATA,AP,B0:A7:32:D7:5B:54,-44,11,1,7,1,1,1,1,0,0,0,-96,1,6,1,3018064008,0,84,0,0,11608.2,384,[84 -64 4 0 0 0 0 0 0 0 0 0 14 11 14 12 14 13 14 14 13 14 13 14 12 14 11 14 11 15 11 15 11 15 11 15 10 15 10 15 10 15 9 15 9 15 9 14 9 15 9 15 8 14 9 14 8 13 9 13 9 14 9 13 0 0 9 13 9 12 9 13 9 12 10 12 10 12 10 12 10 11 10 11 10 11 10 11 11 11 11 10 11 10 11 10 12 10 12 10 12 9 12 9 12 9 12 9 13 9 13 9 13 9 13 9 13 9 0 0 0 0 0 0 0 0 0 0 ],1717575981.7305887
CSI_DATA,AP,B0:A7:32:D7:5B:54,-44,11,1,7,1,1,1,1,0,0,0,-96,1,6,1,3018079416,0,84,0,0,11608.2,384,[84 -64 4 0 0 0 0 0 0 0 0 0 -19 6 -19 5 -20 5 -20 4 -20 4 -19 3 -20 2 -19 1 -20 1 -19 0 -19 0 -20 -1 -20 -1 -20 -1 -19 -1 -19 -1 -18 -1 -18 -1 -18 -1 -18 -1 -18 -2 -18 -1 -17 -2 -17 -1 -17 -1 -17 -1 0 0 -17 -1 -17 0 -17 0 -17 1 -16 0 -17 0 -16 0 -16 1 -16 1 -16 1 -16 2 -16 2 -16 2 -16 3 -16 3 -16 4 -16 4 -16 4 -16 4 -16 4 -16 4 -16 4 -16 4 -16 5 -16 5 -16 5 0 0 0 0 0 0 0 0 0 0 ],1717575981.7473192
CSI_DATA,AP,B0:A7:32:D7:5B:54,-44,11,1,7,1,1,1,1,0,0,0,-96,1,6,1,3018085741,0,84,0,0,11608.2,384,[84 -64 4 0 0 0 0 0 0 0 0 0 -19 4 -19 3 -20 3 -20 2 -21 2 -19 1 -20 0 -19 -1 -20 0 -20 -1 -19 -2 -20 -2 -20 -3 -19 -2 -19 -3 -19 -2 -18 -2 -18 -2 -18 -2 -18 -3 -18 -3 -18 -3 -17 -3 -17 -3 -18 -3 -17 -2 0 0 -17 -2 -17 -1 -16 -1 -17 -1 -16 -1 -16 -1 -16 -1 -16 0 -17 1 -17 0 -16 1 -16 1 -16 1 -16 2 -16 2 -16 2 -17 2 -16 3 -16 3 -16 3 -16 3 -17 4 -17 4 -16 4 -16 4 -16 4 0 0 0 0 0 0 0 0 0 0 ],1717575981.764163
CSI_DATA,AP,B0:A7:32:D7:5B:54,-44,11,1,7,1,1,1,1,0,0,0,-96,1,6,1,3018101771,0,84,0,0,11608.2,384,[84 -64 4 0 0 0 0 0 0 0 0 0 0 -20 0 -19 1 -21 2 -20 3 -21 2 -19 3 -19 4 -19 4 -19 5 -19 5 -19 6 -18 5 -18 5 -18 5 -18 5 -19 5 -17 5 -18 5 -17 6 -17 5 -17 5 -17 5 -17 4 -17 5 -17 4 -16 0 0 3 -16 3 -16 3 -16 2 -17 2 -16 2 -16 2 -17 2 -16 1 -16 0 -16 0 -16 0 -16 0 -16 -1 -16 -1 -17 -1 -16 -2 -17 -2 -16 -2 -16 -3 -16 -2 -17 -3 -17 -3 -17 -4 -16 -3 -16 -3 -16 0 0 0 0 0 0 0 0 0 0 ],1717575981.7805715
CSI_DATA,AP,B0:A7:32:D7:5B:54,-44,11,1,7,1,1,1,1,0,0,0,-96,1,6,1,3018103625,0,84,0,0,11608.2,384,[84 -64 4 0 0 0 0 0 0 0 0 0 -7 18 -7 16 -9 18 -9 18 -10 18 -9 16 -11 16 -11 15 -12 15 -12 16 -11 15 -12 15 -12 15 -12 14 -12 14 -12 14 -11 13 -11 14 -11 13 -12 13 -12 12 -12 12 -12 12 -10 12 -10 13 -10 12 0 0 -10 12 -10 13 -9 12 -9 13 -9 12 -9 12 -10 13 -10 13 -8 12 -8 13 -7 13 -7 13 -7 14 -7 13 -7 14 -6 14 -6 15 -6 14 -7 14 -6 14 -6 14 -6 15 -5 15 -4 15 -5 15 -5 15 0 0 0 0 0 0 0 0 0 0 ],1717575981.7974021
CSI_DATA,AP,B0:A7:32:D7:5B:54,-44,11,1,7,1,1,1,1,0,0,0,-96,1,6,1,3018113354,0,84,0,0,11608.2,384,[84 -64 4 0 0 0 0 0 0 0 0 0 19 -4 18 -4 20 -3 19 -2 20 -2 18 -1 19 -1 19 0 19 0 20 1 19 1 19 1 19 2 19 1 18 1 18 1 17 1 18 1 16 1 17 1 17 2 17 1 17 1 16 1 16 1 15 1 0 0 16 0 17 0 15 -1 16 -1 15 -1 15 -1 15 -1 15 -2 16 -2 16 -2 15 -3 15 -3 15 -3 15 -3 15 -4 14 -5 16 -5 15 -5 15 -5 15 -6 15 -5 15 -6 16 -6 15 -6 15 -6 15 -6 0 0 0 0 0 0 0 0 0 0 ],1717575981.8126311
CSI_DATA,AP,B0:A7:32:D7:5B:54,-44,11,1,7,1,1,1,1,0,0,0,-96,1,6,1,3018123227,0,84,0,0,11608.2,384,[84 -64 4 0 0 0 0 0 0 0 0 0 -20 -3 -19 -3 -21 -4 -20 -5 -20 -5 -19 -5 -19 -6 -18 -7 -19 -7 -19 -8 -18 -8 -18 -8 -18 -8 -18 -8 -17 -8 -17 -8 -16 -8 -17 -8 -16 -7 -16 -8 -16 -8 -17 -7 -16 -7 -15 -7 -16 -7 -15 -7 0 0 -16 -6 -16 -6 -15 -6 -16 -5 -15 -5 -16 -5 -16 -5 -16 -4 -16 -4 -16 -3 -16 -3 -16 -3 -16 -3 -16 -3 -16 -2 -16 -2 -17 -2 -16 -1 -16 -1 -17 0 -17 0 -17 0 -17 0 -17 0 -17 0 -17 0 0 0 0 0 0 0 0 0 0 0 ],1717575981.8301067
CSI_DATA,AP,B0:A7:32:D7:5B:54,-43,11,1,6,1,1,1,1,0,0,0,-96,1,6,1,3018137473,0,84,0,0,11608.2,384,[84 -64 4 0 0 0 0 0 0 0 0 0 19 -2 18 -1 19 0 19 1 19 1 18 2 18 2 18 3 18 3 18 4 18 4 18 4 18 4 18 4 17 5 17 5 16 5 16 4 16 5 16 5 16 5 16 5 16 5 15 4 16 4 15 4 0 0 15 4 16 3 15 3 15 3 15 3 15 3 15 3 15 2 15 2 15 1 15 1 15 1 16 0 15 0 15 0 15 0 16 0 15 -1 15 -1 15 -1 16 -1 16 -1 16 -2 16 -2 16 -2 16 -3 0 0 0 0 0 0 0 0 0 0 ],1717575981.844627
CSI_DATA,AP,B0:A7:32:D7:5B:54,-41,11,1,4,1,1,1,1,0,0,0,-96,3,6,1,3018169721,0,84,0,0,11608.3,384,[84 -64 4 0 0 0 0 0 0 0 0 0 -20 1 -19 1 -20 0 -21 -1 -20 -1 -19 -2 -19 -3 -18 -3 -18 -4 -19 -4 -19 -4 -19 -3 -19 -4 -19 -5 -18 -5 -18 -5 -17 -5 -16 -5 -17 -5 -16 -6 -17 -5 -17 -6 -16 -5 -16 -5 -17 -5 -16 -4 0 0 -16 -4 -17 -3 -16 -3 -16 -3 -16 -4 -16 -3 -17 -4 -16 -3 -16 -2 -16 -1 -16 0 -16 -1 -16 0 -16 0 -16 0 -16 1 -17 1 -15 1 -16 1 -15 1 -16 0 -17 1 -16 1 -16 2 -17 1 -16 2 0 0 0 0 0 0 0 0 0 0 ],1717575981.861727
CSI_DATA,AP,B0:A7:32:D7:5B:54,-44,11,1,7,1,1,1,1,0,0,0,-96,1,6,1,3018177986,0,84,0,0,11608.3,384,[84 -64 4 0 0 0 0 0 0 0 0 0 -4 -19 -4 -19 -3 -20 -2 -20 -2 -20 -1 -19 -1 -19 0 -19 0 -20 1 -20 1 -19 2 -19 2 -19 2 -19 2 -18 2 -19 2 -18 2 -18 2 -18 2 -18 2 -18 2 -18 2 -17 2 -17 2 -17 2 -17 0 0 1 -17 1 -17 1 -16 0 -17 0 -16 0 -17 -1 -17 -1 -16 -1 -17 -1 -16 -1 -16 -1 -16 -1 -16 -2 -16 -3 -16 -3 -16 -3 -17 -3 -16 -4 -16 -4 -16 -4 -16 -4 -17 -4 -17 -4 -17 -4 -17 -4 -16 0 0 0 0 0 0 0 0 0 0 ],1717575981.8785691
CSI_DATA,AP,B0:A7:32:D7:5B:54,-43,11,1,6,1,1,1,1,0,0,0,-96,1,6,1,3018186661,0,84,0,0,11608.3,384,[84 -64 4 0 0 0 0 0 0 0 0 0 -16 6 -16 6 -17 6 -17 5 -18 4 -16 4 -16 3 -17 3 -17 3 -18 2 -17 2 -17 1 -17 1 -17 1 -17 1 -17 1 -16 1 -16 1 -16 1 -15 1 -16 1 -16 1 -15 1 -15 1 -16 1 -15 1 0 0 -15 1 -15 2 -14 2 -15 2 -14 2 -14 2 -14 3 -14 3 -14 3 -14 4 -14 4 -14 4 -14 4 -13 4 -13 5 -13 5 -14 5 -13 5 -13 6 -12 6 -13 6 -13 7 -13 7 -13 7 -13 7 -13 7 0 0 0 0 0 0 0 0 0 0 ],1717575981.8944988
CSI_DATA,AP,B0:A7:32:D7:5B:54,-44,11,1,7,1,1,1,1,0,0,0,-96,1,6,1,3018194630,0,84,0,0,11608.3,384,[84 -64 4 0 0 0 0 0 0 0 0 0 12 -12 13 -12 14 -11 15 -11 14 -10 14 -10 14 -9 14 -9 15 -8 15 -8 15 -8 15 -8 15 -8 15 -8 15 -7 15 -6 15 -6 14 -6 14 -6 14 -6 14 -6 15 -6 13 -6 13 -6 14 -6 13 -6 0 0 13 -6 13 -6 13 -6 12 -7 12 -7 12 -7 12 -7 12 -7 12 -8 11 -8 11 -8 11 -8 11 -9 12 -9 11 -8 11 -9 11 -9 11 -9 11 -9 11 -9 11 -10 11 -10 10 -10 10 -11 11 -10 10 -10 0 0 0 0 0 0 0 0 0 0 ],1717575981.910827
CSI_DATA,AP,B0:A7:32:D7:5B:54,-44,11,1,7,1,1,1,1,0,0,0,-96,1,6,1,3018203331,0,84,0,0,11608.3,384,[84 -64 4 0 0 0 0 0 0 0 0 0 -18 6 -19 5 -19 5 -20 4 -20 4 -19 3 -19 2 -19 2 -20 2 -20 1 -19 1 -20 1 -19 1 -19 1 -19 0 -18 0 -19 0 -18 0 -18 0 -18 -1 -18 -1 -18 -1 -17 0 -17 1 -17 0 -17 1 0 0 -17 0 -17 1 -16 1 -16 2 -16 2 -16 2 -16 2 -16 2 -17 3 -16 3 -16 4 -15 4 -16 4 -16 5 -15 4 -15 5 -15 5 -15 5 -15 5 -15 6 -15 6 -16 6 -15 7 -15 7 -15 7 -15 7 0 0 0 0 0 0 0 0 0 0 ],1717575981.9268665
CSI_DATA,AP,B0:A7:32:D7:5B:54,-43,11,1,6,1,1,1,1,0,0,0,-96,1,6,1,3018214015,0,84,0,0,11608.3,384,[84 -64 4 0 0 0 0 0 0 0 0 0 6 -19 6 -18 7 -19 8 -18 9 -19 9 -16 9 -17 9 -16 10 -16 11 -17 11 -16 11 -15 11 -15 11 -15 11 -14 11 -15 10 -14 11 -14 10 -13 11 -14 11 -13 11 -14 10 -13 10 -13 11 -13 10 -13 0 0 9 -13 9 -14 9 -13 9 -14 8 -13 8 -14 8 -14 8 -14 7 -14 7 -14 7 -14 7 -14 7 -14 6 -14 6 -15 6 -15 6 -16 5 -15 5 -15 5 -15 5 -15 5 -16 5 -16 5 -16 5 -16 4 -16 0 0 0 0 0 0 0 0 0 0 ],1717575981.9433882
CSI_DATA,AP,B0:A7:32:D7:5B:54,-44,11,1,7,1,1,1,1,0,0,0,-96,1,6,1,3018226086,0,84,0,0,11608.3,384,[84 -64 4 0 0 0 0 0 0 0 0 0 12 -15 13 -15 13 -15 14 -14 14 -14 14 -13 15 -12 14 -12 15 -11 15 -12 15 -11 15 -11 15 -11 15 -11 15 -10 15 -10 15 -9 14 -9 14 -9 15 -9 14 -9 15 -9 14 -9 14 -9 14 -9 13 -9 0 0 13 -9 13 -10 13 -9 12 -10 12 -10 12 -10 12 -10 12 -11 12 -10 11 -11 11 -11 11 -11 11 -12 10 -12 10 -12 10 -12 10 -13 10 -13 10 -13 10 -13 10 -13 9 -13 10 -14 8 -14 9 -14 9 -14 0 0 0 0 0 0 0 0 0 0 ],1717575981.9606001
CSI_DATA,AP,B0:A7:32:D7:5B:54,-44,11,1,7,1,1,1,1,0,0,0,-96,1,6,1,3018235662,0,84,0,0,11608.3,384,[84 -64 4 0 0 0 0 0 0 0 0 0 10 15 10 16 10 17 9 17 9 17 8 17 7 17 7 17 7 18 6 18 6 17 5 18 5 18 5 17 5 17 5 17 4 17 4 16 4 17 4 16 4 16 4 16 4 16 4 15 4 16 4 15 0 0 5 15 5 15 5 15 6 14 5 14 6 14 6 14 6 14 6 14 6 13 7 13 7 13 8 13 8 13 8 13 8 13 9 13 9 12 9 12 9 12 9 13 9 13 10 13 10 12 10 12 10 12 0 0 0 0 0 0 0 0 0 0 ],1717575981.9750264
7CSI_DATA,AP,B0:A7:32:D7:5B:54,-44,11,1,7,1,1,1,1,0,0,0,-96,1,6,1,3018361996,0,84,0,0,11608.5,384,[84 -64 4 0 0 0 0 0 0 0 0 0 19 -1 19 -1 19 -1 19 0 19 1 18 1 19 2 18 2 18 3 18 3 18 4 18 4 18 4 18 4 17 4 17 4 17 4 16 4 16 4 16 4 16 4 16 4 15 4 15 4 16 4 15 3 0 0 15 3 15 3 16 3 15 2 15 2 15 2 15 2 15 1 15 1 15 1 15 1 15 0 16 1 16 0 15 -1 15 -1 16 -1 15 -2 15 -2 16 -2 15 -2 16 -2 16 -2 16 -3 16 -2 16 -3 0 0 0 0 0 0 0 0 0 0 ],1717575981.994931
CSI_DATA,AP,B0:A7:32:D7:5B:54,-44,11,1,7,1,1,1,1,0,0,0,-96,1,6,1,3018372388,0,84,0,0,11608.5,384,[84 -64 4 0 0 0 0 0 0 0 0 0 -4 -18 -3 -18 -3 -19 -2 -19 -2 -19 -1 -18 0 -18 0 -18 1 -18 0 -18 0 -18 1 -18 1 -18 1 -18 2 -17 2 -17 2 -16 1 -16 2 -16 2 -16 2 -16 2 -16 1 -16 1 -15 1 -16 1 -15 0 0 1 -15 0 -15 0 -15 0 -15 0 -15 0 -15 -1 -15 -1 -15 -1 -15 -2 -15 -2 -15 -2 -14 -3 -14 -3 -15 -3 -15 -3 -15 -4 -15 -3 -14 -4 -14 -4 -14 -4 -15 -5 -15 -5 -15 -5 -14 -5 -15 -5 -15 0 0 0 0 0 0 0 0 0 0 ],1717575982.0118115
CSI_DATA,AP,B0:A7:32:D7:5B:54,-43,11,1,6,1,1,1,1,0,0,0,-96,1,6,1,3018384612,0,84,0,0,11608.5,384,[84 -64 4 0 0 0 0 0 0 0 0 0 0 19 -1 18 -2 19 -2 19 -3 20 -3 18 -4 18 -4 18 -5 18 -5 18 -5 18 -6 18 -6 17 -6 18 -6 17 -6 17 -6 16 -6 16 -6 15 -6 16 -6 16 -6 16 -6 15 -5 15 -6 16 -5 15 0 0 -5 15 -4 16 -4 15 -4 15 -4 14 -3 15 -3 15 -3 15 -3 15 -2 15 -2 15 -2 15 -1 15 -1 15 -1 15 0 14 0 16 0 14 0 15 1 15 0 15 1 16 1 16 2 16 2 16 2 15 0 0 0 0 0 0 0 0 0 0 ],1717575982.027522
CSI_DATA,AP,B0:A7:32:D7:5B:54,-43,11,1,6,1,1,1,1,0,0,0,-96,1,6,1,3018393040,0,84,0,0,11608.5,384,[84 -64 4 0 0 0 0 0 0 0 0 0 -1 19 -2 19 -3 19 -3 20 -4 19 -4 18 -5 18 -5 18 -6 18 -5 18 -6 18 -6 18 -6 18 -7 18 -7 17 -7 17 -7 16 -7 16 -7 16 -7 16 -7 16 -7 16 -6 15 -6 15 -6 16 -6 15 0 0 -6 15 -5 15 -5 15 -5 15 -4 15 -4 15 -4 15 -4 15 -3 15 -3 14 -2 15 -2 15 -2 16 -2 16 -2 15 -1 15 -1 16 -1 15 -1 15 0 15 0 16 0 16 0 16 1 16 1 16 1 16 0 0 0 0 0 0 0 0 0 0 ],1717575982.0432465
CSI_DATA,AP,B0:A7:32:D7:5B:54,-44,11,1,7,1,1,1,1,0,0,0,-96,1,6,1,3018400983,0,84,0,0,11608.5,384,[84 -64 4 0 0 0 0 0 0 0 0 0 14 -12 15 -12 16 -12 16 -11 16 -11 16 -10 17 -9 17 -8 17 -9 17 -8 17 -8 17 -8 17 -8 17 -7 17 -7 16 -7 16 -6 16 -6 16 -6 16 -6 16 -5 16 -6 15 -6 15 -6 15 -6 15 -6 0 0 15 -6 15 -7 14 -7 14 -7 14 -8 14 -7 14 -7 14 -8 14 -8 13 -8 13 -9 13 -9 13 -9 13 -9 12 -10 12 -10 13 -10 12 -11 12 -10 12 -11 12 -11 12 -11 12 -11 11 -12 11 -12 12 -12 0 0 0 0 0 0 0 0 0 0 ],1717575982.0598242
CSI_DATA,AP,B0:A7:32:D7:5B:54,-44,11,1,7,1,1,1,1,0,0,0,-96,1,6,1,3018411160,0,84,0,0,11608.5,384,[84 -64 4 0 0 0 0 0 0 0 0 0 -15 -10 -14 -10 -15 -11 -15 -12 -14 -12 -13 -11 -13 -12 -13 -12 -12 -12 -13 -14 -11 -13 -11 -14 -11 -14 -11 -14 -11 -13 -11 -14 -10 -13 -10 -13 -10 -12 -10 -13 -10 -13 -10 -13 -10 -12 -9 -12 -10 -12 -10 -11 0 0 -10 -11 -10 -11 -10 -11 -11 -11 -10 -10 -10 -11 -10 -11 -11 -10 -11 -10 -11 -10 -11 -9 -11 -9 -12 -9 -12 -9 -12 -9 -12 -8 -13 -9 -12 -8 -12 -8 -13 -8 -13 -8 -13 -8 -13 -8 -13 -8 -13 -8 -13 -8 0 0 0 0 0 0 0 0 0 0 ],1717575982.0787435
CSI_DATA,AP,B0:A7:32:D7:5B:54,-43,11,1,6,1,1,1,1,0,0,0,-96,1,6,1,3018428929,0,84,0,0,11608.5,384,[84 -64 4 0 0 0 0 0 0 0 0 0 18 -7 17 -6 19 -6 19 -5 19 -4 18 -4 18 -3 18 -3 18 -2 19 -2 18 -2 19 -1 18 -1 19 -1 18 -1 18 0 17 0 17 -1 17 0 17 0 17 0 17 0 16 0 16 -1 17 -1 16 -1 0 0 16 -1 16 -1 15 -2 16 -2 15 -2 15 -2 15 -2 15 -3 15 -3 15 -4 15 -4 15 -4 15 -4 15 -4 15 -5 14 -5 15 -5 14 -6 14 -6 14 -6 15 -6 15 -6 15 -7 14 -7 15 -7 14 -7 0 0 0 0 0 0 0 0 0 0 ],1717575982.0944645
CSI_DATA,AP,B0:A7:32:D7:5B:54,-44,11,1,7,1,1,1,1,0,0,0,-96,1,6,1,3018430620,0,84,0,0,11608.5,384,[84 -64 4 0 0 0 0 0 0 0 0 0 17 -8 18 -7 18 -7 19 -6 18 -5 18 -5 18 -4 18 -4 18 -3 18 -3 18 -3 18 -3 18 -2 18 -2 18 -2 17 -1 18 -1 17 -1 17 -1 17 0 16 0 17 -1 16 -1 16 -1 16 -1 16 -1 0 0 16 -1 15 -2 16 -2 15 -2 15 -2 15 -2 15 -2 15 -3 16 -4 14 -3 14 -4 15 -4 15 -4 15 -4 15 -4 15 -5 15 -5 15 -5 15 -5 15 -5 15 -5 15 -5 15 -6 15 -7 15 -7 15 -7 0 0 0 0 0 0 0 0 0 0 ],1717575982.110344
CSI_DATA,AP,B0:A7:32:D7:5B:54,-44,11,1,7,1,1,1,1,0,0,0,-96,1,6,1,3018441152,0,84,0,0,11608.6,384,[84 -64 4 0 0 0 0 0 0 0 0 0 10 -17 11 -16 12 -16 12 -16 12 -16 12 -14 13 -15 13 -14 13 -14 14 -13 14 -13 14 -12 14 -12 14 -12 14 -12 13 -12 13 -12 13 -12 13 -12 13 -12 13 -11 13 -12 13 -11 12 -11 13 -11 12 -11 0 0 11 -12 11 -12 11 -12 11 -12 10 -12 10 -12 10 -12 10 -13 10 -13 9 -13 9 -13 9 -13 9 -13 8 -14 8 -14 7 -14 8 -15 7 -14 7 -14 7 -15 7 -15 6 -15 7 -16 6 -16 7 -15 6 -15 0 0 0 0 0 0 0 0 0 0 ],1717575982.127527
CSI_DATA,AP,B0:A7:32:D7:5B:54,-45,11,1,7,1,1,1,1,0,0,0,-96,1,6,1,3018454188,0,84,0,0,11608.6,384,[84 -64 4 0 0 0 0 0 0 0 0 0 -21 -6 -20 -7 -21 -8 -20 -9 -21 -10 -18 -9 -19 -10 -18 -10 -19 -11 -19 -12 -18 -12 -18 -12 -17 -12 -17 -12 -17 -12 -17 -12 -16 -11 -17 -12 -15 -11 -16 -12 -15 -12 -16 -12 -15 -11 -15 -11 -15 -11 -15 -10 0 0 -15 -10 -16 -10 -15 -9 -16 -9 -15 -9 -15 -9 -15 -9 -15 -8 -16 -8 -16 -8 -16 -7 -16 -7 -16 -7 -16 -6 -17 -6 -16 -5 -18 -6 -17 -5 -17 -5 -17 -5 -17 -5 -18 -5 -18 -5 -18 -4 -18 -5 -18 -4 0 0 0 0 0 0 0 0 0 0 ],1717575982.1460657
CSI_DATA,AP,B0:A7:32:D7:5B:54,-43,11,1,6,1,1,1,1,0,0,0,-96,1,6,1,3018466295,0,84,0,0,11608.6,384,[84 -64 4 0 0 0 0 0 0 0 0 0 14 12 14 12 13 13 13 14 13 14 12 14 11 15 11 15 10 15 11 15 11 15 11 15 10 15 10 15 9 15 9 15 8 14 8 14 8 14 8 14 8 15 8 14 8 13 9 13 9 14 9 13 0 0 8 13 9 13 9 12 9 12 9 12 9 12 9 12 10 11 9 11 10 10 11 10 11 10 11 10 11 10 11 10 12 10 12 9 12 9 12 9 12 9 13 9 13 9 13 8 14 8 14 8 14 8 0 0 0 0 0 0 0 0 0 0 ],1717575982.1609828
CSI_DATA,AP,B0:A7:32:D7:5B:54,-44,11,1,7,1,1,1,1,0,0,0,-96,1,6,1,3018472118,0,84,0,0,11608.6,384,[84 -64 4 0 0 0 0 0 0 0 0 0 17 4 16 4 17 5 16 6 17 6 15 6 15 7 15 7 15 7 15 8 15 8 14 8 14 8 14 8 14 8 14 9 13 8 13 8 13 8 13 8 12 8 13 8 12 8 12 7 12 8 12 7 0 0 12 7 13 7 12 6 13 6 12 6 12 6 13 6 12 5 12 5 13 5 12 4 13 4 13 4 13 4 14 4 13 3 14 3 13 3 13 3 13 2 14 3 14 2 15 2 15 1 14 2 14 1 0 0 0 0 0 0 0 0 0 0 ],1717575982.175131
CSI_DATA,AP,B0:A7:32:D7:5B:54,-43,11,1,5,1,1,1,1,0,0,0,-96,1,6,1,3018484233,0,84,0,0,11608.6,384,[84 -64 4 0 0 0 0 0 0 0 0 0 -16 -8 -14 -7 -16 -8 -15 -9 -15 -9 -14 -9 -14 -10 -14 -9 -14 -11 -14 -12 -13 -11 -12 -12 -12 -12 -12 -12 -12 -12 -12 -12 -11 -11 -11 -11 -11 -11 -11 -11 -11 -10 -11 -11 -10 -11 -10 -11 -11 -11 -10 -10 0 0 -11 -10 -11 -9 -10 -9 -11 -9 -10 -9 -11 -9 -11 -9 -11 -8 -11 -8 -12 -8 -11 -8 -11 -8 -12 -8 -12 -7 -12 -7 -11 -6 -13 -7 -12 -6 -12 -6 -13 -6 -13 -6 -13 -6 -14 -6 -13 -5 -13 -7 -13 -5 0 0 0 0 0 0 0 0 0 0 ],1717575982.1935897
CSI_DATA,AP,B0:A7:32:D7:5B:54,-44,11,1,7,1,1,1,1,0,0,0,-96,1,6,1,3018490472,0,84,0,0,11608.6,384,[84 -64 4 0 0 0 0 0 0 0 0 0 18 -2 19 -2 19 -1 19 0 19 0 18 1 18 1 18 2 18 2 18 3 18 3 18 3 18 4 18 3 18 4 17 4 17 4 16 4 16 4 16 4 16 4 16 4 16 4 16 3 16 4 15 3 0 0 15 3 16 2 15 2 16 2 15 2 15 1 15 2 15 1 15 0 15 0 15 -1 15 0 15 -1 15 -1 15 -1 15 -2 16 -2 16 -3 15 -2 15 -3 16 -2 15 -3 16 -3 15 -4 15 -3 15 -4 0 0 0 0 0 0 0 0 0 0 ],1717575982.2083695
CSI_DATA,AP,B0:A7:32:D7:5B:54,-44,11,1,7,1,1,1,1,0,0,0,-96,1,6,1,3018502322,0,84,0,0,11608.6,384,[84 -64 4 0 0 0 0 0 0 0 0 0 -18 -1 -18 -2 -19 -2 -18 -3 -19 -4 -17 -4 -18 -4 -17 -5 -17 -5 -18 -6 -17 -6 -17 -6 -17 -6 -16 -6 -16 -7 -16 -7 -15 -6 -16 -6 -15 -6 -15 -7 -15 -7 -15 -7 -15 -6 -14 -6 -15 -6 -14 -6 0 0 -14 -6 -15 -5 -14 -5 -15 -5 -14 -5 -14 -5 -14 -5 -14 -4 -14 -4 -15 -4 -14 -3 -14 -3 -14 -3 -14 -3 -15 -2 -14 -2 -16 -2 -14 -2 -14 -2 -15 -1 -15 -2 -15 -1 -16 -1 -15 -1 -15 -1 -15 -1 0 0 0 0 0 0 0 0 0 0 ],1717575982.2261384
CSI_DATA,AP,B0:A7:32:D7:5B:54,-44,11,1,7,1,1,1,1,0,0,0,-96,1,6,1,3018510405,0,84,0,0,11608.6,384,[84 -64 4 0 0 0 0 0 0 0 0 0 17 2 16 2 17 3 16 3 17 4 16 4 16 4 16 4 16 4 16 6 15 6 15 7 15 7 15 7 14 6 15 6 14 6 14 6 14 6 14 6 14 6 14 5 13 6 13 6 13 6 13 6 0 0 13 5 14 4 13 4 14 4 13 4 13 3 13 3 14 3 13 3 13 3 13 2 13 2 14 2 13 1 14 1 13 0 14 1 14 0 14 0 14 -1 14 0 14 -1 15 -1 14 0 14 0 14 -1 0 0 0 0 0 0 0 0 0 0 ],1717575982.24049
CSI_DATA,AP,B0:A7:32:D7:5B:54,-43,11,1,6,1,1,1,1,0,0,0,-96,2,6,1,3018530402,0,84,0,0,11608.6,384,[84 -64 4 0 0 0 0 0 0 0 0 0 -13 11 -14 10 -14 10 -15 10 -15 9 -14 9 -15 8 -15 7 -16 7 -15 7 -15 7 -16 7 -16 7 -16 6 -16 6 -15 6 -15 6 -15 5 -15 6 -15 5 -15 5 -15 5 -14 5 -14 6 -14 6 -14 5 0 0 -14 5 -13 6 -13 6 -13 6 -13 6 -13 6 -13 6 -13 7 -13 7 -12 7 -12 8 -12 8 -12 8 -12 9 -11 8 -11 9 -11 9 -11 9 -11 9 -11 9 -11 9 -11 10 -11 10 -10 10 -11 10 -10 10 0 0 0 0 0 0 0 0 0 0 ],1717575982.2569017
CSI_DATA,AP,B0:A7:32:D7:5B:54,-42,11,1,5,1,1,1,1,0,0,0,-96,1,6,1,3018653403,0,84,0,0,11608.8,384,[84 -64 4 0 0 0 0 0 0 0 0 0 15 -15 15 -15 16 -15 17 -14 17 -14 17 -12 17 -12 17 -11 18 -11 18 -10 18 -10 19 -10 19 -10 19 -9 18 -9 18 -9 17 -8 18 -8 17 -8 17 -8 17 -7 18 -8 17 -7 16 -7 17 -8 16 -8 0 0 16 -8 16 -8 16 -9 15 -9 15 -8 15 -9 15 -9 14 -9 15 -10 14 -10 13 -10 14 -10 14 -11 14 -11 13 -11 13 -11 14 -12 13 -12 13 -12 12 -12 13 -12 13 -13 13 -13 12 -13 13 -13 12 -13 0 0 0 0 0 0 0 0 0 0 ],1717575982.279841
CSI_DATA,AP,B0:A7:32:D7:5B:54,-43,11,1,6,1,1,1,1,0,0,0,-96,1,6,1,3018661649,0,84,0,0,11608.8,384,[84 -64 4 0 0 0 0 0 0 0 0 0 -18 11 -19 10 -19 10 -20 10 -20 9 -20 8 -20 7 -20 6 -20 6 -20 6 -20 6 -20 6 -20 6 -21 6 -21 5 -20 5 -20 4 -19 4 -19 4 -19 3 -19 3 -19 4 -18 4 -18 5 -19 5 -18 5 0 0 -18 4 -17 5 -18 6 -17 6 -17 5 -17 5 -17 6 -17 6 -16 6 -15 7 -16 8 -16 8 -16 9 -16 9 -15 8 -16 9 -15 9 -15 9 -15 9 -15 10 -15 9 -16 10 -14 10 -14 11 -15 11 -15 11 0 0 0 0 0 0 0 0 0 0 ],1717575982.2961211
CSI_DATA,AP,B0:A7:32:D7:5B:54,-43,11,1,6,1,1,1,1,0,0,0,-96,1,6,1,3018670043,0,84,0,0,11608.8,384,[84 -64 4 0 0 0 0 0 0 0 0 0 14 9 13 10 13 10 13 11 13 11 11 11 11 11 11 12 11 12 11 13 10 13 10 13 10 13 10 13 9 13 9 13 9 12 9 12 8 12 8 12 8 13 8 12 8 12 8 11 8 12 8 11 0 0 8 11 9 11 9 11 9 10 9 10 9 10 9 11 9 10 9 10 9 9 10 9 10 9 10 9 10 9 10 8 11 8 11 9 11 8 10 8 11 8 11 8 11 8 12 8 12 7 12 8 12 8 0 0 0 0 0 0 0 0 0 0 ],1717575982.310924
CSI_DATA,AP,B0:A7:32:D7:5B:54,-43,11,1,6,1,1,1,1,0,0,0,-96,1,6,1,3018679542,0,84,0,0,11608.8,384,[84 -64 4 0 0 0 0 0 0 0 0 0 -13 -13 -12 -13 -13 -13 -12 -14 -12 -15 -11 -14 -10 -14 -10 -14 -10 -15 -10 -15 -9 -15 -9 -15 -9 -15 -8 -16 -8 -15 -8 -15 -8 -15 -7 -14 -7 -14 -7 -15 -8 -14 -7 -15 -7 -13 -7 -14 -8 -14 -8 -13 0 0 -8 -13 -8 -13 -8 -13 -8 -12 -8 -12 -8 -12 -9 -12 -9 -12 -9 -12 -10 -11 -10 -11 -10 -11 -10 -11 -10 -11 -10 -11 -11 -10 -11 -11 -11 -10 -11 -10 -11 -10 -12 -10 -12 -10 -12 -10 -12 -10 -12 -10 -12 -9 0 0 0 0 0 0 0 0 0 0 ],1717575982.3295777
CSI_DATA,AP,B0:A7:32:D7:5B:54,-42,11,1,5,1,1,1,1,0,0,0,-96,1,6,1,3018695571,0,84,0,0,11608.8,384,[84 -64 4 0 0 0 0 0 0 0 0 0 -14 -10 -14 -10 -15 -11 -14 -11 -14 -11 -13 -11 -13 -12 -12 -12 -12 -13 -12 -13 -12 -13 -12 -13 -11 -13 -12 -14 -10 -13 -11 -13 -10 -13 -10 -12 -9 -12 -9 -12 -9 -12 -10 -13 -9 -12 -9 -12 -10 -12 -9 -11 0 0 -10 -12 -9 -11 -10 -10 -11 -10 -10 -11 -10 -11 -10 -11 -10 -10 -11 -10 -11 -9 -11 -8 -11 -8 -11 -9 -11 -8 -11 -9 -12 -8 -12 -9 -12 -8 -11 -8 -12 -7 -12 -8 -12 -8 -13 -7 -13 -7 -12 -8 -13 -7 0 0 0 0 0 0 0 0 0 0 ],1717575982.3482854
CSI_DATA,AP,B0:A7:32:D7:5B:54,-43,11,1,5,1,1,1,1,0,0,0,-96,1,6,1,3018706933,0,84,0,0,11608.8,384,[84 -64 4 0 0 0 0 0 0 0 0 0 5 17 5 17 5 18 4 18 3 19 2 17 2 18 1 17 1 18 1 18 0 18 -1 18 -1 18 -1 18 -1 17 -1 18 -1 16 -1 16 -1 16 -1 16 -2 16 -1 16 -2 16 -1 16 -1 16 -1 15 0 0 -1 15 0 16 0 15 1 15 0 15 1 15 1 15 1 15 2 15 2 15 2 14 2 15 2 15 3 14 3 15 4 14 4 15 4 14 4 14 4 14 4 14 5 14 5 15 5 15 5 15 5 14 0 0 0 0 0 0 0 0 0 0 ],1717575982.3631053
CSI_DATA,AP,B0:A7:32:D7:5B:54,-43,11,1,6,1,1,1,1,0,0,0,-96,1,6,1,3018715158,0,84,0,0,11608.8,384,[84 -64 4 0 0 0 0 0 0 0 0 0 3 16 3 16 2 17 1 17 1 17 0 16 0 16 0 16 -1 17 -1 17 -2 16 -2 16 -2 16 -2 16 -2 16 -2 15 -3 15 -3 15 -2 15 -2 15 -3 15 -3 15 -2 14 -3 14 -2 15 -2 14 0 0 -2 14 -1 14 -1 14 -1 14 -1 13 -1 14 -1 14 0 13 0 14 1 13 1 13 1 13 1 14 1 14 1 13 2 14 2 14 2 13 3 13 3 13 3 13 3 14 3 14 3 13 3 14 3 14 0 0 0 0 0 0 0 0 0 0 ],1717575982.3781996
CSI_DATA,AP,B0:A7:32:D7:5B:54,-43,11,1,6,1,1,1,1,0,0,0,-96,1,6,1,3018719375,0,84,0,0,11608.8,384,[84 -64 4 0 0 0 0 0 0 0 0 0 4 18 3 18 3 19 2 20 2 20 1 18 0 19 -1 18 -1 18 -1 19 -2 19 -2 19 -2 18 -2 19 -3 18 -2 18 -3 17 -2 17 -2 17 -3 16 -3 17 -3 17 -3 16 -3 16 -3 17 -2 16 0 0 -2 16 -2 16 -2 16 -1 16 -1 15 -1 15 -1 16 0 15 -1 16 0 15 1 15 1 15 1 16 1 15 1 15 2 15 2 16 3 15 3 15 3 15 3 15 3 16 4 16 4 15 4 16 4 15 0 0 0 0 0 0 0 0 0 0 ],1717575982.3933327
CSI_DATA,AP,B0:A7:32:D7:5B:54,-42,11,1,5,1,1,1,1,0,0,0,-96,1,6,1,3018738404,0,84,0,0,11608.9,384,[84 -64 4 0 0 0 0 0 0 0 0 0 -18 -7 -18 -7 -18 -8 -18 -9 -18 -9 -17 -9 -17 -9 -16 -10 -16 -10 -16 -11 -16 -11 -16 -12 -15 -12 -16 -12 -15 -12 -15 -12 -14 -11 -14 -11 -14 -11 -14 -11 -14 -11 -14 -11 -13 -11 -13 -11 -14 -11 -13 -10 0 0 -14 -10 -14 -9 -14 -9 -14 -9 -14 -9 -14 -8 -14 -9 -14 -8 -15 -8 -14 -7 -15 -7 -14 -7 -15 -7 -15 -6 -15 -6 -15 -6 -16 -6 -15 -5 -15 -5 -16 -5 -16 -5 -16 -5 -16 -5 -16 -4 -16 -5 -16 -4 0 0 0 0 0 0 0 0 0 0 ],1717575982.4118583
CSI_DATA,AP,B0:A7:32:D7:5B:54,-42,11,1,5,1,1,1,1,0,0,0,-96,1,6,1,3018741770,0,84,0,0,11608.9,384,[84 -64 4 0 0 0 0 0 0 0 0 0 -16 5 -17 5 -17 4 -17 4 -17 3 -16 3 -17 2 -16 1 -17 2 -18 1 -16 0 -17 0 -17 0 -17 0 -16 0 -17 1 -16 1 -16 0 -15 0 -15 0 -15 -1 -16 0 -15 -1 -15 0 -16 -1 -15 0 0 0 -15 0 -14 1 -14 1 -15 2 -13 1 -14 1 -14 1 -14 2 -14 3 -14 3 -14 3 -13 3 -13 3 -14 4 -14 4 -12 4 -14 5 -12 4 -13 5 -13 5 -13 5 -13 6 -13 6 -13 6 -13 5 -13 6 0 0 0 0 0 0 0 0 0 0 ],1717575982.427942
CSI_DATA,AP,B0:A7:32:D7:5B:54,-43,11,1,6,1,1,1,1,0,0,0,-96,1,6,1,3018749912,0,84,0,0,11608.9,384,[84 -64 4 0 0 0 0 0 0 0 0 0 17 6 17 7 17 8 17 8 17 9 16 9 15 10 15 10 15 10 15 11 15 11 15 11 14 11 14 12 14 12 13 11 13 11 13 11 12 11 12 11 12 11 12 11 12 10 12 10 13 11 12 10 0 0 12 10 12 10 12 10 12 9 12 9 12 9 12 9 12 8 13 9 13 8 13 7 13 7 14 7 14 7 13 7 14 7 14 7 14 6 14 6 14 6 14 6 15 6 15 6 15 5 15 6 15 5 0 0 0 0 0 0 0 0 0 0 ],1717575982.442942
CSI_DATA,AP,B0:A7:32:D7:5B:54,-43,11,1,6,1,1,1,1,0,0,0,-96,1,6,1,3018771080,0,84,0,0,11608.9,384,[84 -64 4 0 0 0 0 0 0 0 0 0 15 -12 16 -11 17 -11 17 -10 17 -10 16 -9 17 -8 17 -7 18 -7 18 -7 17 -7 18 -6 18 -6 18 -6 17 -6 17 -6 16 -5 16 -5 16 -5 16 -5 16 -5 17 -5 16 -5 16 -5 16 -5 15 -5 0 0 15 -5 15 -6 15 -6 15 -6 14 -6 14 -6 14 -6 14 -7 14 -7 13 -7 14 -8 13 -8 14 -8 13 -8 13 -9 13 -9 13 -9 12 -9 13 -9 13 -10 13 -10 13 -10 13 -11 12 -11 13 -11 12 -11 0 0 0 0 0 0 0 0 0 0 ],1717575982.4593356
CSI_DATA,AP,B0:A7:32:D7:5B:54,-42,11,1,5,1,1,1,1,0,0,0,-96,1,6,1,3018775421,0,84,0,0,11608.9,384,[84 -64 4 0 0 0 0 0 0 0 0 0 -19 3 -18 2 -20 2 -20 1 -20 1 -18 0 -19 0 -18 0 -19 0 -19 -1 -19 -2 -19 -2 -19 -2 -19 -3 -18 -3 -19 -2 -17 -2 -18 -2 -17 -2 -17 -2 -17 -2 -18 -2 -17 -2 -17 -2 -17 -2 -16 -1 0 0 -16 -1 -17 0 -16 0 -17 0 -16 0 -16 1 -16 1 -16 1 -16 2 -16 2 -16 2 -16 2 -16 2 -15 3 -16 4 -15 4 -16 4 -15 4 -15 5 -15 5 -15 5 -16 6 -16 5 -15 6 -16 5 -15 6 0 0 0 0 0 0 0 0 0 0 ],1717575982.475923
CSI_DATA,AP,B0:A7:32:D7:5B:54,-43,11,1,6,1,1,1,1,0,0,0,-96,1,6,1,3018780714,0,84,0,0,11608.9,384,[84 -64 4 0 0 0 0 0 0 0 0 0 -11 -17 -10 -17 -10 -18 -9 -19 -9 -18 -8 -18 -7 -18 -7 -18 -7 -18 -7 -19 -6 -19 -6 -19 -6 -19 -5 -19 -5 -19 -5 -18 -5 -18 -5 -17 -5 -18 -5 -17 -4 -17 -4 -17 -4 -16 -5 -17 -5 -17 -5 -16 0 0 -6 -16 -5 -16 -6 -16 -6 -16 -6 -15 -6 -15 -7 -16 -7 -15 -8 -15 -8 -14 -8 -15 -8 -14 -8 -14 -9 -14 -9 -14 -9 -14 -9 -14 -10 -14 -10 -14 -10 -13 -11 -13 -11 -14 -11 -14 -11 -13 -11 -13 -12 -13 0 0 0 0 0 0 0 0 0 0 ],1717575982.4941506
CSI_DATA,AP,B0:A7:32:D7:5B:54,-43,11,1,6,1,1,1,1,0,0,0,-96,1,6,1,3018790156,0,84,0,0,11608.9,384,[84 -64 4 0 0 0 0 0 0 0 0 0 17 -9 17 -8 18 -8 18 -7 18 -6 17 -6 18 -5 18 -4 18 -4 18 -4 18 -3 18 -3 18 -3 19 -3 18 -3 18 -3 17 -2 17 -2 17 -2 17 -2 17 -2 17 -2 16 -2 16 -2 16 -2 16 -3 0 0 16 -3 16 -3 15 -4 15 -4 15 -4 15 -4 15 -4 15 -5 15 -5 14 -5 14 -6 14 -6 15 -6 15 -6 14 -7 14 -7 15 -7 14 -8 14 -8 14 -8 14 -8 14 -8 14 -8 13 -9 14 -9 14 -9 0 0 0 0 0 0 0 0 0 0 ],1717575982.5101948
CSI_DATA,AP,B0:A7:32:D7:5B:54,-43,11,1,6,1,1,1,1,0,0,0,-96,1,6,1,3018799407,0,84,0,0,11608.9,384,[84 -64 4 0 0 0 0 0 0 0 0 0 8 17 8 17 8 18 7 18 6 18 5 17 5 18 4 17 4 18 4 19 3 18 3 18 3 18 3 18 2 18 3 18 2 17 2 17 2 17 2 17 2 17 2 17 1 16 2 16 2 17 2 16 0 0 2 16 3 16 3 15 3 15 3 15 3 15 4 15 4 15 4 15 5 14 5 14 5 14 5 14 6 14 6 14 6 14 7 14 7 13 7 14 7 13 7 14 7 14 8 14 8 13 8 14 8 13 0 0 0 0 0 0 0 0 0 0 ],1717575982.524388
CSI_DATA,AP,B0:A7:32:D7:5B:54,-43,11,1,6,1,1,1,1,0,0,0,-96,1,6,1,3018809637,0,84,0,0,11608.9,384,[84 -64 4 0 0 0 0 0 0 0 0 0 -21 -5 -21 -5 -22 -6 -21 -7 -21 -8 -20 -8 -20 -8 -19 -9 -20 -9 -20 -10 -19 -10 -19 -11 -19 -11 -19 -11 -18 -11 -18 -11 -17 -10 -18 -10 -17 -10 -17 -11 -17 -11 -17 -10 -17 -10 -16 -10 -17 -10 -16 -9 0 0 -16 -9 -17 -9 -17 -8 -17 -8 -16 -7 -17 -8 -17 -8 -17 -7 -17 -7 -17 -6 -17 -5 -17 -6 -18 -6 -17 -5 -18 -5 -18 -4 -19 -4 -18 -4 -18 -3 -18 -3 -18 -4 -19 -3 -19 -3 -19 -2 -19 -3 -19 -2 0 0 0 0 0 0 0 0 0 0 ],1717575982.5427613
CSI_DATA,AP,B0:A7:32:D7:5B:54,-43,11,1,6,1,1,1,1,0,0,0,-96,1,6,1,3018818478,0,84,0,0,11608.9,384,[84 -64 4 0 0 0 0 0 0 0 0 0 10 -14 11 -13 11 -13 12 -13 12 -12 12 -12 12 -11 13 -11 13 -10 12 -11 13 -11 13 -11 13 -10 13 -10 14 -10 13 -9 13 -9 12 -8 13 -9 13 -8 13 -8 13 -8 12 -8 12 -9 12 -9 12 -9 0 0 12 -9 11 -9 12 -10 11 -9 11 -9 11 -9 11 -9 10 -10 10 -9 9 -10 9 -11 9 -11 9 -11 9 -11 9 -11 9 -12 9 -11 8 -12 9 -11 8 -12 8 -12 9 -12 8 -12 7 -13 8 -13 7 -13 0 0 0 0 0 0 0 0 0 0 ],1717575982.5593529
CSI_DATA,AP,B0:A7:32:D7:5B:54,-43,11,1,6,1,1,1,1,0,0,0,-96,1,6,1,3018828455,0,84,0,0,11608.9,384,[84 -64 4 0 0 0 0 0 0 0 0 0 16 -9 17 -9 17 -9 18 -7 18 -7 17--5 --16 -4 -16 -4 -16 -4 -16 -4 -16 -4 -16 -4 -16 -4 -15 -4 -15 -4 -15 -4 -15 0 0 -4 -15 -5 -15 -4 -14 -5 -14 -5 -14 -5 -14 -5 -14 -6 -13 -6 -14 -6 -13 -6 -13 -7 -13 -7 -13 -7 -13 -7 -13 -8 -13 -8 -13 -8 -12 -8 -13 -9 -12 -9 -13 -9 -13 -9 -13 -9 -12 -9 -12 -9 -12 0 0 0 0 0 0 0 0 0 0 ],1717575982.574732
CSI_DATA,AP,B0:A7:32:D7:5B:54,-41,11,1,4,1,1,1,1,0,0,0,-96,3,6,1,3018980066,0,84,0,0,11609.1,384,[84 -64 4 0 0 0 0 0 0 0 0 0 7 19 7 19 6 20 6 21 5 21 4 19 3 20 2 19 2 20 2 20 2 20 1 21 1 20 1 20 0 20 0 20 -1 19 0 19 0 18 -1 19 -1 18 -1 19 -2 18 0 18 0 19 0 18 0 0 0 18 1 18 1 18 2 17 1 17 1 17 1 18 2 17 2 18 3 16 4 16 3 16 4 17 4 16 4 17 5 16 5 18 5 16 5 16 5 15 5 17 5 17 6 17 7 16 6 17 7 16 0 0 0 0 0 0 0 0 0 0 ],1717575982.5892463
CSI_DATA,AP,B0:A7:32:D7:5B:54,-43,11,1,6,1,1,1,1,0,0,0,-96,1,6,1,3018991767,0,84,0,0,11609.1,384,[84 -64 4 0 0 0 0 0 0 0 0 0 18 0 18 1 19 2 19 2 18 3 18 3 18 4 17 5 18 5 17 5 17 5 18 5 17 5 17 5 17 6 16 6 16 6 16 6 16 6 16 6 15 6 15 6 15 6 15 5 15 5 15 4 0 0 15 5 15 4 15 4 15 3 15 4 15 4 15 4 14 3 15 3 15 2 15 1 15 1 15 1 15 1 15 1 15 0 16 0 15 -1 15 0 15 -1 16 0 15 0 16 -1 16 -2 16 -2 16 -2 0 0 0 0 0 0 0 0 0 0 ],1717575982.603658
CSI_DATA,AP,B0:A7:32:D7:5B:54,-44,11,1,7,1,1,1,1,0,0,0,-96,1,6,1,3018999039,0,84,0,0,11609.1,384,[84 -64 4 0 0 0 0 0 0 0 0 0 -7 -18 -7 -18 -7 -19 -6 -20 -6 -20 -4 -18 -4 -19 -3 -19 -4 -20 -3 -20 -2 -19 -2 -19 -1 -19 -1 -19 -1 -19 -2 -19 -1 -18 -1 -18 -1 -18 -1 -18 -1 -18 -1 -18 -1 -17 -1 -17 -1 -17 -1 -17 0 0 -2 -17 -2 -17 -2 -16 -3 -17 -2 -16 -3 -16 -3 -16 -3 -16 -3 -16 -4 -16 -4 -16 -4 -16 -4 -16 -5 -16 -5 -16 -5 -15 -6 -16 -6 -15 -6 -15 -6 -16 -6 -16 -7 -16 -7 -16 -7 -16 -7 -16 -7 -16 0 0 0 0 0 0 0 0 0 0 ],1717575982.6214604
CSI_DATA,AP,B0:A7:32:D7:5B:54,-44,11,1,7,1,1,1,1,0,0,0,-96,1,6,1,3019008278,0,84,0,0,11609.1,384,[84 -64 4 0 0 0 0 0 0 0 0 0 1 16 0 15 0 17 -1 16 -1 17 -2 15 -2 16 -3 16 -3 16 -3 17 -3 16 -4 16 -4 15 -4 15 -4 15 -5 16 -4 14 -4 15 -4 14 -4 14 -5 14 -5 14 -5 14 -4 14 -4 14 -4 13 0 0 -4 13 -3 14 -3 13 -3 14 -3 13 -3 13 -3 13 -2 13 -2 13 -2 14 -1 13 -1 13 -1 13 -1 13 0 14 0 13 0 14 0 13 0 13 1 13 0 14 1 14 1 15 2 14 1 14 2 13 0 0 0 0 0 0 0 0 0 0 ],1717575982.6369798
CSI_DATA,AP,B0:A7:32:D7:5B:54,-44,11,1,7,1,1,1,1,0,0,0,-96,1,6,1,3019023030,0,84,0,0,11609.1,384,[84 -64 4 0 0 0 0 0 0 0 0 0 -17 9 -17 9 -18 8 -19 8 -19 7 -18 6 -19 6 -18 5 -19 5 -19 5 -19 4 -19 4 -19 4 -19 4 -19 3 -18 3 -17 3 -18 3 -18 3 -18 3 -17 2 -17 3 -17 3 -17 3 -17 3 -16 3 0 0 -16 3 -16 4 -16 4 -16 4 -16 3 -16 4 -16 4 -15 4 -16 5 -15 5 -15 6 -15 6 -15 6 -15 6 -15 6 -14 7 -15 7 -14 7 -14 7 -14 7 -14 7 -15 8 -15 8 -14 8 -15 8 -14 8 0 0 0 0 0 0 0 0 0 0 ],1717575982.6529844
CSI_DATA,AP,B0:A7:32:D7:5B:54,-44,11,1,7,1,1,1,1,0,0,0,-96,1,6,1,3019027521,0,84,0,0,11609.1,384,[84 -64 4 0 0 0 0 0 0 0 0 0 -16 -11 -16 -11 -16 -12 -16 -13 -15 -13 -15 -13 -14 -13 -14 -14 -14 -14 -13 -14 -13 -14 -13 -14 -13 -15 -13 -15 -12 -15 -12 -15 -12 -14 -11 -14 -11 -14 -11 -14 -11 -14 -11 -14 -10 -13 -11 -13 -11 -13 -11 -13 0 0 -11 -13 -11 -12 -12 -12 -11 -12 -11 -12 -11 -12 -12 -12 -12 -11 -12 -11 -12 -10 -13 -10 -13 -10 -13 -10 -13 -10 -13 -10 -14 -9 -14 -9 -14 -9 -14 -9 -14 -9 -14 -9 -15 -9 -15 -8 -15 -8 -15 -8 -15 -8 0 0 0 0 0 0 0 0 0 0 ],1717575982.6721609
CSI_DATA,AP,B0:A7:32:D7:5B:54,-44,11,1,7,1,1,1,1,0,0,0,-96,1,6,1,3019040928,0,84,0,0,11609.2,384,[84 -64 4 0 0 0 0 0 0 0 0 0 -18 8 -17 8 -19 7 -19 7 -19 6 -18 5 -19 5 -18 5 -19 4 -19 4 -19 3 -19 3 -19 2 -19 2 -19 2 -19 2 -18 2 -18 2 -17 2 -18 2 -17 2 -18 2 -17 2 -17 2 -17 2 -17 2 0 0 -16 3 -17 3 -16 3 -16 3 -15 3 -16 3 -16 4 -16 4 -16 4 -15 5 -15 5 -15 5 -16 5 -15 6 -15 6 -15 6 -15 6 -15 6 -15 6 -15 7 -15 7 -15 7 -15 8 -15 8 -15 8 -14 8 0 0 0 0 0 0 0 0 0 0 ],1717575982.6881733
CSI_DATA,AP,B0:A7:32:D7:5B:54,-43,11,1,6,1,1,1,1,0,0,0,-96,1,6,1,3019053528,0,84,0,0,11609.2,384,[84 -64 4 0 0 0 0 0 0 0 0 0 -16 -12 -15 -13 -16 -13 -15 -14 -15 -15 -13 -14 -13 -15 -12 -15 -12 -16 -12 -16 -12 -15 -12 -16 -12 -16 -12 -16 -11 -16 -11 -16 -10 -15 -10 -15 -10 -15 -9 -15 -9 -15 -10 -15 -9 -15 -10 -14 -10 -15 -10 -14 0 0 -10 -14 -11 -14 -10 -13 -11 -13 -10 -12 -10 -13 -10 -13 -11 -12 -11 -12 -11 -11 -12 -11 -12 -11 -12 -11 -12 -10 -13 -11 -13 -10 -13 -11 -13 -9 -13 -10 -13 -10 -13 -10 -14 -10 -14 -9 -14 -9 -14 -9 -14 -9 0 0 0 0 0 0 0 0 0 0 ],1717575982.7074466
CSI_DATA,AP,B0:A7:32:D7:5B:54,-44,11,1,7,1,1,1,1,0,0,0,-96,1,6,1,3019057508,0,84,0,0,11609.2,384,[84 -64 4 0 0 0 0 0 0 0 0 0 6 -18 7 -18 8 -18 9 -18 9 -18 9 -17 10 -16 10 -16 10 -16 10 -16 11 -16 11 -16 11 -15 11 -15 11 -15 11 -15 11 -14 10 -14 10 -14 11 -14 10 -14 10 -14 10 -13 10 -13 10 -14 9 -14 0 0 9 -14 9 -14 9 -14 8 -14 8 -14 8 -14 7 -14 7 -14 6 -14 6 -14 6 -15 6 -15 6 -15 5 -15 5 -15 4 -16 4 -16 4 -16 4 -16 4 -16 4 -16 3 -16 3 -16 3 -17 3 -16 3 -17 0 0 0 0 0 0 0 0 0 0 ],1717575982.7241025
CSI_DATA,AP,B0:A7:32:D7:5B:54,-44,11,1,7,1,1,1,1,0,0,0,-96,1,6,1,3019068524,0,84,0,0,11609.2,384,[84 -64 4 0 0 0 0 0 0 0 0 0 17 6 17 6 17 7 17 8 17 8 16 8 16 9 15 9 16 10 15 10 15 10 15 10 14 11 14 11 14 11 13 10 14 10 13 10 13 10 13 10 13 10 13 10 12 10 12 9 13 10 12 9 0 0 13 9 13 9 13 9 13 8 13 8 13 8 13 8 13 7 14 7 13 6 13 6 13 6 14 6 14 6 14 5 14 5 15 5 15 5 14 4 14 4 15 4 15 4 15 4 16 4 15 4 15 4 0 0 0 0 0 0 0 0 0 0 ],1717575982.7388556
CSI_DATA,AP,B0:A7:32:D7:5B:54,-44,11,1,7,1,1,1,1,0,0,0,-96,1,6,1,3019089420,0,84,0,0,11609.2,384,[84 -64 4 0 0 0 0 0 0 0 0 0 -10 -17 -10 -17 -9 -18 -9 -19 -8 -18 -7 -18 -7 -18 -6 -18 -6 -19 -5 -19 -5 -19 -5 -19 -5 -19 -5 -19 -4 -19 -5 -18 -5 -18 -4 -17 -4 -18 -4 -18 -3 -17 -4 -17 -4 -17 -4 -17 -4 -17 -4 -16 0 0 -5 -16 -5 -16 -5 -16 -6 -15 -6 -16 -5 -16 -6 -16 -6 -15 -7 -15 -7 -15 -8 -14 -8 -14 -8 -14 -8 -14 -8 -14 -9 -14 -9 -14 -9 -14 -9 -14 -10 -14 -10 -14 -10 -14 -10 -14 -11 -14 -11 -14 -11 -13 0 0 0 0 0 0 0 0 0 0 ],1717575982.7569234
CSI_DATA,AP,B0:A7:32:D7:5B:54,-44,11,1,7,1,1,1,1,0,0,0,-96,1,6,1,3019090149,0,84,0,0,11609.2,384,[84 -64 4 0 0 0 0 0 0 0 0 0 -17 -10 -17 -10 -17 -11 -17 -12 -16 -12 -15 -12 -14 -13 -14 -13 -14 -13 -14 -14 -14 -14 -14 -14 -14 -14 -13 -14 -13 -14 -13 -14 -12 -13 -12 -13 -12 -13 -12 -13 -11 -14 -12 -13 -12 -13 -12 -12 -12 -13 -12 -12 0 0 -12 -12 -12 -12 -12 -11 -12 -11 -12 -11 -12 -11 -12 -11 -12 -10 -14 -10 -13 -9 -13 -9 -13 -9 -14 -9 -14 -9 -14 -9 -14 -8 -15 -9 -15 -8 -14 -8 -15 -8 -15 -8 -15 -8 -16 -7 -16 -7 -15 -7 -15 -7 0 0 0 0 0 0 0 0 0 0 ],1717575982.775933
CSI_DATA,AP,B0:A7:32:D7:5B:54,-43,11,1,6,1,1,1,1,0,0,0,-96,1,6,1,3019098780,0,84,0,0,11609.2,384,[84 -64 4 0 0 0 0 0 0 0 0 0 -16 11 -16 10 -17 10 -17 9 -17 9 -17 7 -17 7 -17 7 -18 7 -18 6 -18 6 -18 6 -18 5 -18 5 -17 4 -18 5 -17 5 -17 4 -16 4 -17 4 -17 4 -17 4 -16 4 -16 4 -16 4 -16 4 0 0 -16 5 -16 5 -15 5 -15 5 -14 5 -15 5 -15 6 -15 6 -14 6 -15 6 -14 7 -14 7 -14 8 -14 8 -14 8 -13 8 -14 8 -13 8 -13 8 -13 9 -13 9 -14 9 -13 9 -13 10 -13 10 -13 10 0 0 0 0 0 0 0 0 0 0 ],1717575982.7921255
CSI_DATA,AP,B0:A7:32:D7:5B:54,-44,11,1,6,1,1,1,1,0,0,0,-96,1,6,1,3019110790,0,84,0,0,11609.2,384,[84 -64 4 0 0 0 0 0 0 0 0 0 -1 -19 -1 -19 0 -20 0 -20 1 -20 2 -19 2 -19 3 -18 3 -19 4 -19 4 -19 4 -18 4 -18 5 -18 5 -18 5 -17 5 -17 5 -17 5 -17 5 -16 5 -17 5 -17 5 -16 5 -16 5 -17 4 -16 0 0 4 -16 4 -16 4 -16 3 -15 3 -15 3 -16 3 -16 3 -15 3 -16 2 -15 2 -15 1 -16 1 -16 1 -16 1 -16 0 -16 0 -17 0 -16 0 -16 0 -16 0 -16 0 -17 -1 -16 -1 -17 -1 -17 -1 -17 0 0 0 0 0 0 0 0 0 0 ],1717575982.80832
CSI_DATA,AP,B0:A7:32:D7:5B:54,-43,11,1,6,1,1,1,1,0,0,0,-96,1,6,1,3019123293,0,84,0,0,11609.2,384,[84 -64 4 0 0 0 0 0 0 0 0 0 -16 7 -15 6 -17 6 -17 5 -17 5 -17 4 -17 4 -16 4 -17 3 -17 3 -17 3 -17 2 -17 2 -17 2 -16 2 -17 2 -16 2 -16 1 -15 2 -16 1 -15 1 -15 1 -15 1 -15 2 -15 2 -14 2 0 0 -14 2 -15 2 -14 3 -14 3 -13 3 -14 3 -14 3 -14 3 -13 4 -13 4 -13 5 -13 5 -13 5 -13 5 -13 5 -13 6 -13 6 -13 6 -12 6 -13 6 -12 6 -13 7 -13 7 -13 7 -12 7 -12 8 0 0 0 0 0 0 0 0 0 0 ],1717575982.8242788
CSI_DATA,AP,B0:A7:32:D7:5B:54,-43,11,1,6,1,1,1,1,0,0,0,-96,1,6,1,3019133141,0,84,0,0,11609.2,384,[84 -64 4 0 0 0 0 0 0 0 0 0 10 -17 10 -16 11 -17 12 -16 12 -16 12 -14 13 -15 13 -14 13 -14 14 -14 14 -13 14 -13 14 -13 14 -12 13 -12 14 -13 13 -11 13 -12 12 -11 13 -12 13 -11 12 -12 13 -11 12 -12 12 -11 12 -11 0 0 11 -11 11 -12 10 -12 10 -13 10 -12 10 -12 10 -13 9 -13 9 -13 9 -13 8 -13 8 -13 8 -13 7 -13 7 -14 6 -14 7 -15 6 -14 6 -14 6 -15 6 -15 5 -15 6 -16 5 -16 6 -16 5 -15 0 0 0 0 0 0 0 0 0 0 ],1717575982.841373
CSI_DATA,AP,B0:A7:32:D7:5B:54,-44,11,1,7,1,1,1,1,0,0,0,-96,1,6,1,3019138216,0,84,0,0,11609.3,384,[84 -64 4 0 0 0 0 0 0 0 0 0 3 18 3 18 2 19 1 19 1 20 0 18 -1 18 -1 18 -1 19 -2 19 -3 18 -3 18 -3 18 -3 18 -3 18 -3 18 -3 17 -3 17 -3 16 -3 16 -3 17 -3 17 -3 16 -3 16 -3 16 -3 15 0 0 -3 16 -2 16 -2 15 -2 15 -1 15 -1 15 -1 15 -1 15 -1 15 0 15 0 15 0 15 0 15 1 15 1 15 1 15 2 16 2 15 2 15 2 15 2 15 2 16 2 16 3 16 3 16 3 16 0 0 0 0 0 0 0 0 0 0 ],1717575982.8565295
CSI_DATA,AP,B0:A7:32:D7:5B:54,-44,11,1,7,1,1,1,1,0,0,0,-96,1,6,1,3019149713,0,84,0,0,11609.3,384,[84 -64 4 0 0 0 0 0 0 0 0 0 18 -4 18 -4 19 -3 19 -3 19 -2 18 -2 18 -1 18 -1 18 0 19 0 18 0 18 1 18 1 18 1 18 1 17 1 17 2 17 1 16 1 17 2 16 2 17 1 16 2 16 1 16 1 16 1 0 0 16 1 16 0 15 0 15 -1 15 0 15 -1 15 -1 15 -1 15 -1 15 -2 15 -2 15 -2 15 -2 15 -3 15 -3 15 -4 16 -4 15 -4 15 -4 15 -5 15 -4 15 -5 16 -5 15 -5 15 -5 15 -6 0 0 0 0 0 0 0 0 0 0 ],1717575982.8718774
CSI_DATA,AP,B0:A7:32:D7:5B:54,-43,11,1,5,1,1,1,1,0,0,0,-96,1,6,1,3019170874,0,84,0,0,11609.3,384,[84 -64 4 0 0 0 0 0 0 0 0 0 16 -8 16 -7 17 -7 17 -6 18 -6 16 -5 17 -4 17 -4 17 -3 18 -3 18 -2 18 -2 18 -2 18 -2 17 -1 18 -2 16 -1 17 -1 16 -1 17 -1 16 -1 16 -1 16 -1 15 -1 16 -1 15 -1 0 0 15 -1 16 -2 15 -2 15 -3 14 -2 15 -2 15 -2 14 -3 15 -3 14 -4 14 -4 14 -4 14 -4 14 -4 14 -5 14 -5 15 -6 13 -6 14 -5 14 -6 14 -6 14 -6 15 -7 14 -7 14 -6 14 -7 0 0 0 0 0 0 0 0 0 0 ],1717575982.8878825
CSI_DATA,AP,B0:A7:32:D7:5B:54,-44,11,1,7,1,1,1,1,0,0,0,-96,1,6,1,3019173005,0,84,0,0,11609.3,384,[84 -64 4 0 0 0 0 0 0 0 0 0 2 -19 3 -19 3 -20 4 -19 5 -20 5 -18 6 -18 5 -18 6 -18 7 -18 7 -18 7 -17 7 -17 7 -18 7 -17 8 -17 7 -16 7 -16 7 -15 7 -16 7 -15 7 -16 7 -15 7 -15 7 -15 6 -15 0 0 6 -15 6 -15 5 -15 5 -15 5 -15 5 -15 5 -15 4 -15 4 -15 3 -16 3 -15 3 -15 3 -16 3 -15 3 -16 2 -16 2 -17 2 -16 2 -16 1 -16 1 -16 1 -17 1 -17 1 -17 1 -17 0 -16 0 0 0 0 0 0 0 0 0 0 ],1717575982.9038856
CSI_DATA,AP,B0:A7:32:D7:5B:54,-43,11,1,6,1,1,1,1,0,0,0,-96,1,6,1,3019181418,0,84,0,0,11609.3,384,[84 -64 4 0 0 0 0 0 0 0 0 0 9 15 9 15 9 16 8 17 8 17 7 16 6 17 6 17 5 17 6 18 5 17 5 17 5 18 4 17 4 17 3 17 4 17 4 16 3 16 3 17 3 16 3 16 3 15 3 15 3 16 4 15 0 0 4 15 4 15 4 15 5 14 4 14 5 14 5 14 5 14 5 14 6 13 6 13 6 13 7 14 7 13 7 13 7 13 8 13 8 12 8 13 8 12 8 13 8 13 9 13 9 13 9 13 9 12 0 0 0 0 0 0 0 0 0 0 ],1717575982.9181452
CSI_DATA,AP,B0:A7:32:D7:5B:54,-44,11,1,7,1,1,1,1,0,0,0,-96,1,6,1,3019190043,0,84,0,0,11609.3,384,[84 -64 4 0 0 0 0 0 0 0 0 0 1 18 0 18 -1 19 -1 19 -2 19 -3 18 -3 18 -4 18 -4 18 -4 18 -4 18 -5 17 -5 18 -5 17 -5 17 -6 17 -5 16 -5 16 -5 16 -6 16 -6 16 -6 16 -5 15 -5 15 -5 16 -5 15 0 0 -5 15 -5 15 -4 15 -4 15 -4 15 -4 15 -4 15 -3 14 -3 16 -2 15 -2 15 -2 15 -2 15 -1 15 -1 15 -1 15 0 15 0 15 0 15 0 15 0 15 0 16 0 16 1 16 1 16 1 16 0 0 0 0 0 0 0 0 0 0 ],1717575982.933762
CSI_DATA,AP,B0:A7:32:D7:5B:54,-43,11,1,6,1,1,1,1,0,0,0,-96,1,6,1,3019200800,0,84,0,0,11609.3,384,[84 -64 4 0 0 0 0 0 0 0 000 ],1717575982.9381742
CSI_DATA,AP,B0:A7:32:D7:5B:54,-43,11,1,6,1,1,1,1,0,0,0,-96,1,6,1,3019327699,0,84,0,0,11609.4,384,[84 -64 4 0 0 0 0 0 0 0 0 0 -3 -20 -2 -19 -2 -20 -1 -20 -1 -21 0 -19 1 -19 1 -19 2 -19 2 -20 2 -19 2 -19 2 -19 3 -19 3 -18 3 -19 3 -17 3 -18 3 -17 4 -17 4 -17 3 -18 3 -17 2 -17 3 -17 2 -16 0 0 2 -16 2 -17 2 -16 1 -17 1 -16 1 -16 1 -17 1 -16 1 -16 0 -16 -1 -16 -1 -16 -1 -16 -1 -16 -2 -16 -2 -16 -2 -17 -2 -16 -3 -16 -3 -16 -3 -16 -3 -17 -4 -17 -4 -17 -4 -17 -4 -16 0 0 0 0 0 0 0 0 0 0 ],1717575982.9548802
CSI_DATA,AP,B0:A7:32:D7:5B:54,-43,11,1,6,1,1,1,1,0,0,0,-96,1,6,1,3019337292,0,84,0,0,11609.4,384,[84 -64 4 0 0 0 0 0 0 0 0 0 14 -13 14 -12 15 -12 15 -11 16 -12 15 -10 16 -9 16 -9 17 -9 16 -9 16 -8 16 -8 17 -8 17 -8 16 -7 17 -7 15 -7 16 -7 15 -6 15 -6 16 -6 15 -6 15 -7 14 -7 15 -7 14 -7 0 0 14 -7 15 -7 14 -7 14 -8 13 -7 14 -7 14 -7 13 -8 14 -8 13 -9 12 -9 12 -9 13 -9 12 -9 12 -10 12 -10 13 -11 11 -10 12 -10 11 -11 12 -11 12 -11 12 -12 11 -12 11 -11 12 -11 0 0 0 0 0 0 0 0 0 0 ],1717575982.971453
CSI_DATA,AP,B0:A7:32:D7:5B:54,-44,11,1,6,1,1,1,1,0,0,0,-96,1,6,1,3019348882,0,84,0,0,11609.5,384,[84 -64 4 0 0 0 0 0 0 0 0 0 12 11 11 11 12 12 11 13 10 13 9 12 9 12 8 12 9 13 9 13 8 13 8 13 7 13 8 14 7 13 8 13 7 13 7 13 7 12 7 13 7 13 6 13 6 12 7 12 6 13 6 11 0 0 7 12 7 12 7 11 8 11 7 11 7 11 7 11 7 10 8 11 8 10 8 10 8 9 9 10 9 9 9 9 9 9 10 9 10 9 10 9 10 8 10 9 10 9 10 9 11 8 10 9 10 8 0 0 0 0 0 0 0 0 0 0 ],1717575982.9856753
CSI_DATA,AP,B0:A7:32:D7:5B:54,-43,11,1,6,1,1,1,1,0,0,0,-96,1,6,1,3019359405,0,84,0,0,11609.5,384,[84 -64 4 0 0 0 0 0 0 0 0 0 18 6 16 6 18 8 16 8 18 9 15 8 16 9 15 10 15 10 15 11 15 11 14 11 14 11 14 12 13 11 14 11 12 10 14 11 12 10 13 11 12 11 13 11 12 11 12 10 12 11 12 10 0 0 12 9 13 10 12 8 14 9 12 8 13 8 13 9 13 8 13 8 14 8 13 7 13 7 14 7 13 6 15 6 13 5 15 6 14 5 14 5 14 5 14 5 15 5 16 5 15 5 15 5 15 4 0 0 0 0 0 0 0 0 0 0 ],1717575983.0005498
CSI_DATA,AP,B0:A7:32:D7:5B:54,-41,11,1,4,1,1,1,1,0,0,0,-96,1,6,1,3019375347,0,84,0,0,11609.5,384,[84 -64 4 0 0 0 0 0 0 0 0 0 5 17 5 17 5 18 4 19 3 19 2 17 2 18 1 17 1 18 1 18 1 18 0 19 0 18 0 18 -1 18 0 18 -1 16 -1 16 0 16 -1 16 -1 16 -1 17 -1 16 0 15 0 16 0 15 0 0 0 16 1 16 1 15 2 15 1 15 1 15 2 15 2 14 2 15 3 13 4 14 3 14 4 15 4 14 4 14 4 14 5 15 5 13 4 13 6 13 5 14 6 13 6 14 7 13 6 14 7 13 0 0 0 0 0 0 0 0 0 0 ],1717575983.0149555
CSI_DATA,AP,B0:A7:32:D7:5B:54,-43,11,1,6,1,1,1,1,0,0,0,-96,1,6,1,3019379081,0,84,0,0,11609.5,384,[84 -64 4 0 0 0 0 0 0 0 0 0 -15 6 -16 6 -16 6 -17 5 -17 5 -16 4 -16 3 -17 3 -17 3 -17 3 -17 2 -17 2 -17 2 -17 2 -17 1 -16 1 -16 1 -16 1 -16 1 -16 1 -16 1 -15 1 -15 1 -15 1 -15 1 -15 1 0 0 -15 1 -14 2 -15 2 -14 2 -14 2 -14 2 -14 2 -14 3 -14 3 -14 3 -14 4 -14 4 -14 4 -14 4 -13 4 -13 5 -13 5 -13 5 -13 5 -13 6 -13 5 -13 6 -13 6 -13 7 -13 6 -13 7 0 0 0 0 0 0 0 0 0 0 ],1717575983.0309365
CSI_DATA,AP,B0:A7:32:D7:5B:54,-43,11,1,6,1,1,1,1,0,0,0,-96,1,6,1,3019388259,0,84,0,0,11609.5,384,[84 -64 4 0 0 0 0 0 0 0 0 0 9 16 9 16 9 16 8 17 8 17 6 16 6 17 6 17 6 17 5 18 4 17 4 18 4 17 4 18 3 17 3 17 3 16 4 16 3 16 3 16 3 16 3 16 3 15 3 16 3 16 3 15 0 0 4 15 4 15 4 15 4 14 5 14 5 14 5 14 5 14 5 14 5 14 6 14 6 14 6 14 7 13 7 13 7 13 8 13 8 13 8 13 8 13 8 13 8 13 8 13 9 13 9 13 9 13 0 0 0 0 0 0 0 0 0 0 ],1717575983.0450869
CSI_DATA,AP,B0:A7:32:D7:5B:54,-43,11,1,6,1,1,1,1,0,0,0,-96,1,6,1,3019402223,0,84,0,0,11609.5,384,[84 -64 4 0 0 0 0 0 0 0 0 0 -13 -15 -13 -15 -13 -16 -13 -16 -12 -17 -11 -16 -10 -16 -10 -16 -10 -17 -10 -17 -9 -17 -9 -17 -9 -18 -8 -18 -8 -17 -8 -17 -7 -16 -7 -16 -7 -17 -7 -17 -7 -17 -7 -17 -7 -16 -7 -16 -7 -16 -7 -16 0 0 -7 -15 -7 -15 -7 -15 -8 -15 -8 -14 -8 -15 -8 -15 -8 -14 -8 -14 -9 -13 -9 -13 -9 -13 -10 -13 -10 -13 -10 -13 -10 -13 -11 -13 -10 -12 -11 -12 -11 -12 -11 -13 -12 -13 -12 -13 -12 -12 -12 -12 -12 -12 0 0 0 0 0 0 0 0 0 0 ],1717575983.0636318
CSI_DATA,AP,B0:A7:32:D7:5B:54,-43,11,1,6,1,1,1,1,0,0,0,-96,1,6,1,3019407372,0,84,0,0,11609.5,384,[84 -64 4 0 0 0 0 0 0 0 0 0 -19 0 -19 0 -20 -1 -20 -2 -20 -3 -18 -2 -19 -3 -18 -4 -19 -4 -19 -5 -18 -5 -19 -5 -18 -6 -19 -6 -18 -6 -18 -6 -17 -5 -17 -5 -17 -6 -17 -6 -16 -6 -17 -6 -16 -5 -16 -5 -16 -6 -16 -5 0 0 -16 -5 -16 -4 -16 -4 -16 -4 -15 -4 -16 -4 -16 -3 -16 -3 -16 -2 -16 -2 -16 -2 -16 -2 -16 -2 -16 -1 -16 -1 -16 0 -17 0 -16 0 -16 0 -16 1 -16 0 -17 1 -17 1 -17 1 -17 1 -17 1 0 0 0 0 0 0 0 0 0 0 ],1717575983.0809047
CSI_DATA,AP,B0:A7:32:D7:5B:54,-43,11,1,6,1,1,1,1,0,0,0,-96,1,6,1,3019424705,0,84,0,0,11609.5,384,[84 -64 4 0 0 0 0 0 0 0 0 0 -14 9 -14 9 -16 9 -16 8 -16 8 -15 7 -16 7 -16 6 -16 6 -17 6 -16 5 -17 5 -16 5 -17 5 -16 4 -16 4 -15 4 -16 4 -15 4 -15 4 -15 4 -15 4 -15 4 -15 4 -15 4 -14 4 0 0 -14 5 -14 5 -13 5 -14 5 -13 5 -13 5 -14 6 -13 6 -13 6 -13 6 -13 7 -13 7 -13 7 -12 7 -12 7 -11 8 -12 8 -11 8 -11 9 -11 9 -11 9 -12 9 -12 9 -11 9 -11 9 -11 9 0 0 0 0 0 0 0 0 0 0 ],1717575983.0968156
CSI_DATA,AP,B0:A7:32:D7:5B:54,-43,11,1,6,1,1,1,1,0,0,0,-96,1,6,1,3019433105,0,84,0,0,11609.5,384,[84 -64 4 0 0 0 0 0 0 0 0 0 -16 -7 -16 -7 -16 -8 -16 -9 -16 -9 -15 -9 -15 -9 -14 -10 -14 -10 -14 -10 -14 -11 -14 -11 -14 -11 -13 -11 -13 -11 -13 -12 -12 -11 -12 -10 -12 -11 -12 -11 -12 -10 -12 -11 -11 -10 -12 -10 -12 -10 -12 -10 0 0 -12 -10 -12 -10 -12 -9 -12 -9 -12 -9 -12 -8 -12 -9 -12 -8 -12 -9 -13 -7 -13 -7 -13 -7 -13 -7 -13 -6 -13 -7 -13 -7 -13 -6 -13 -6 -13 -5 -13 -5 -14 -5 -14 -6 -14 -5 -14 -5 -14 -6 -15 -5 0 0 0 0 0 0 0 0 0 0 ],1717575983.1152442
CSI_DATA,AP,B0:A7:32:D7:5B:54,-43,11,1,6,1,1,1,1,0,0,0,-96,1,6,1,3019438940,0,84,0,0,11609.6,384,[84 -64 4 0 0 0 0 0 0 0 0 0 4 16 3 16 3 16 2 17 2 18 1 16 0 16 0 16 -1 17 -1 17 -1 16 -1 16 -2 16 -2 16 -2 16 -2 16 -3 15 -2 15 -3 15 -3 15 -3 15 -3 15 -3 14 -2 14 -2 15 -2 14 0 0 -2 14 -2 14 -2 14 -1 14 -1 14 -1 14 -1 14 -1 13 -1 14 0 14 0 14 0 14 0 14 1 14 1 14 1 14 2 14 2 13 1 13 2 13 2 14 2 14 2 14 3 14 2 14 3 14 0 0 0 0 0 0 0 0 0 0 ],1717575983.1303103
CSI_DATA,AP,B0:A7:32:D7:5B:54,-43,11,1,5,1,1,1,1,0,0,0,-96,1,6,1,3019451555,0,84,0,0,11609.6,384,[84 -64 4 0 0 0 0 0 0 0 0 0 17 5 17 5 18 6 17 7 17 7 16 7 15 8 15 8 15 9 15 9 15 9 15 10 15 10 14 10 14 10 14 10 13 9 13 10 13 9 12 10 12 10 13 10 12 10 13 9 13 9 12 9 0 0 12 9 13 8 13 8 13 7 12 8 13 8 13 8 12 7 13 6 13 6 14 5 13 5 14 5 14 5 13 5 14 5 15 5 14 4 14 4 14 4 14 5 14 5 15 3 15 3 15 3 15 3 0 0 0 0 0 0 0 0 0 0 ],1717575983.1449916
CSI_DATA,AP,B0:A7:32:D7:5B:54,-43,11,1,5,1,1,1,1,0,0,0,-96,1,6,1,3019462232,0,84,0,0,11609.6,384,[84 -64 4 0 0 0 0 0 0 0 0 0 -13 -11 -11 -12 -13 -13 -12 -13 -12 -14 -10 -13 -10 -13 -10 -14 -9 -14 -10 -15 -9 -15 -9 -15 -9 -15 -9 -15 -8 -14 -9 -15 -8 -14 -8 -13 -7 -13 -7 -14 -7 -14 -7 -14 -7 -13 -7 -13 -8 -14 -8 -12 0 0 -8 -12 -8 -12 -9 -12 -9 -12 -8 -11 -8 -11 -8 -12 -9 -11 -9 -11 -10 -11 -10 -11 -9 -10 -10 -10 -10 -10 -10 -10 -10 -9 -11 -10 -10 -9 -11 -8 -11 -8 -11 -9 -11 -9 -12 -9 -12 -8 -12 -9 -12 -8 0 0 0 0 0 0 0 0 0 0 ],1717575983.1632495
CSI_DATA,AP,B0:A7:32:D7:5B:54,-43,11,1,6,1,1,1,1,0,0,0,-96,1,6,1,3019467448,0,84,0,0,11609.6,384,[84 -64 4 0 0 0 0 0 0 0 0 0 11 12 11 11 11 13 11 13 10 13 9 13 9 13 8 13 8 14 8 14 8 14 8 14 8 14 7 14 7 14 7 14 7 13 7 13 6 13 7 13 6 13 6 13 6 13 6 12 6 13 6 12 0 0 7 12 7 12 7 11 8 11 7 11 7 11 8 11 7 11 8 10 8 10 9 10 8 10 9 10 9 9 9 9 9 9 10 9 10 8 10 8 10 8 10 9 11 9 11 9 11 8 11 8 11 8 0 0 0 0 0 0 0 0 0 0 ],1717575983.1775188
CSI_DATA,AP,B0:A7:32:D7:5B:54,-43,11,1,6,1,1,1,1,0,0,0,-96,1,6,1,3019477649,0,84,0,0,11609.6,384,[84 -64 4 0 0 0 0 0 0 0 0 0 13 -14 13 -13 15 -13 15 -12 15 -12 15 -11 15 -11 15 -10 16 -10 16 -10 16 -10 16 -10 16 -10 16 -9 16 -9 16 -8 15 -8 15 -8 15 -8 15 -8 15 -8 15 -8 14 -8 14 -8 15 -8 14 -8 0 0 14 -8 14 -8 14 -9 13 -9 13 -9 13 -9 13 -9 12 -10 13 -10 12 -10 12 -11 11 -11 12 -11 11 -11 11 -11 11 -11 11 -12 10 -12 11 -12 10 -12 10 -12 11 -13 10 -13 10 -14 10 -13 10 -14 0 0 0 0 0 0 0 0 0 0 ],1717575983.1946409
CSI_DATA,AP,B0:A7:32:D7:5B:54,-44,11,1,7,1,1,1,1,0,0,0,-96,1,6,1,3019489482,0,84,0,0,11609.6,384,[84 -64 4 0 0 0 0 0 0 0 0 0 -16 11 -16 10 -17 10 -17 9 -17 9 -17 8 -17 8 -17 7 -17 7 -18 7 -18 6 -18 6 -18 6 -18 6 -17 5 -18 5 -17 5 -17 5 -17 5 -17 5 -17 5 -17 5 -16 5 -16 5 -16 5 -16 5 0 0 -15 5 -16 6 -15 6 -15 6 -14 6 -15 6 -15 6 -14 7 -15 7 -14 7 -14 8 -14 8 -14 8 -13 8 -13 9 -13 9 -13 9 -13 9 -13 10 -13 10 -13 10 -13 10 -13 11 -12 11 -13 11 -12 11 0 0 0 0 0 0 0 0 0 0 ],1717575983.211055
CSI_DATA,AP,B0:A7:32:D7:5B:54,-43,11,1,6,1,1,1,1,0,0,0,-96,1,6,1,3019507662,0,84,0,0,11609.6,384,[84 -64 4 0 0 0 0 0 0 0 0 0 -5 -19 -5 -19 -4 -20 -4 -20 -3 -20 -3 -19 -2 -19 -1 -19 -1 -19 -1 -19 0 -19 0 -19 0 -19 0 -19 1 -19 1 -19 1 -18 1 -18 1 -17 1 -18 1 -17 2 -17 1 -17 1 -16 1 -17 1 -17 0 0 0 -17 0 -17 0 -16 0 -16 0 -16 0 -16 -1 -16 -1 -16 -1 -16 -2 -16 -2 -16 -2 -16 -2 -16 -3 -16 -3 -16 -3 -16 -3 -17 -4 -15 -4 -16 -4 -16 -4 -16 -4 -17 -5 -16 -5 -16 -5 -16 -5 -16 0 0 0 0 0 0 0 0 0 0 ],1717575983.2280843
CSI_DATA,AP,B0:A7:32:D7:5B:54,-43,11,1,6,1,1,1,1,0,0,0,-96,1,6,1,3019509940,0,84,0,0,11609.6,384,[84 -64 4 0 0 0 0 0 0 0 0 0 12 -14 13 -14 13 -14 14 -13 14 -13 14 -12 15 -11 15 -11 15 -11 15 -10 15 -10 16 -10 16 -9 16 -9 16 -9 15 -9 15 -8 15 -8 15 -8 15 -8 15 -7 15 -8 14 -8 14 -8 15 -8 14 -8 0 0 13 -8 14 -8 13 -8 13 -9 12 -9 13 -9 13 -9 12 -9 13 -9 12 -10 12 -10 12 -10 12 -10 12 -11 11 -11 11 -11 11 -11 10 -11 11 -11 10 -12 11 -12 10 -12 11 -13 10 -13 10 -12 10 -12 0 0 0 0 0 0 0 0 0 0 ],1717575983.2452252
CSI_DATA,AP,B0:A7:32:D7:5B:54,-44,11,1,7,1,1,1,1,0,0,0,-96,1,6,1,3019517453,0,84,0,0,11609.6,384,[84 -64 4 0 0 0 0 0 0 0 0 0 -8 -18 -7 -18 -7 -19 -7 -19 -6 -20 -5 -18 -4 -19 -4 -19 -4 -19 -4 -20 -4 -19 -3 -19 -3 -19 -3 -19 -2 -19 -2 -19 -2 -18 -2 -18 -2 -18 -1 -18 -1 -18 -1 -18 -1 -17 -2 -17 -2 -17 -2 -17 0 0 -2 -17 -2 -17 -2 -16 -3 -17 -3 -16 -3 -16 -3 -16 -3 -16 -3 -16 -4 -16 -5 -16 -5 -16 -5 -16 -5 -15 -5 -16 -6 -15 -6 -16 -6 -16 -6 -15 -6 -16 -6 -16 -7 -16 -7 -16 -8 -15 -7 -15 -7 -15 0 0 0 0 0 0 0 0 0 0 ],1717575983.2630742
0CSI_DATA,AP,B0:A7:32:D7:5B:54,-43,11,1,6,1,1,1,1,0,0,0,-96,1,6,1,3019653564,0,84,0,0,11609.8,384,[84 -64 4 0 0 0 0 0 0 0 0 0 -15 12 -15 11 -17 11 -17 11 -17 10 -16 9 -17 9 -17 8 -17 8 -18 8 -18 7 -18 7 -18 7 -18 6 -17 6 -18 7 -17 6 -17 6 -17 5 -17 6 -17 5 -16 6 -16 5 -16 5 -17 5 -15 6 0 0 -15 6 -16 7 -14 6 -15 7 -14 6 -14 7 -14 7 -14 7 -14 8 -14 8 -14 8 -14 8 -13 8 -13 9 -13 9 -12 9 -13 10 -12 10 -12 10 -12 10 -12 10 -12 11 -12 11 -12 11 -12 11 -12 11 0 0 0 0 0 0 0 0 0 0 ],1717575983.2840905
CSI_DATA,AP,B0:A7:32:D7:5B:54,-43,11,1,6,1,1,1,1,0,0,0,-96,1,6,1,3019659305,0,84,0,0,11609.8,384,[84 -64 4 0 0 0 0 0 0 0 0 0 -18 8 -17 7 -19 7 -18 6 -19 6 -18 5 -18 4 -18 4 -19 4 -19 3 -18 3 -19 2 -19 2 -19 2 -18 2 -19 2 -17 2 -18 2 -17 1 -17 2 -17 1 -17 1 -17 2 -17 2 -17 1 -16 2 0 0 -16 2 -16 2 -16 3 -16 3 -15 3 -15 3 -16 4 -16 4 -16 5 -15 5 -15 5 -15 5 -15 5 -15 6 -15 6 -14 6 -15 6 -14 6 -14 7 -14 7 -14 7 -15 7 -15 8 -14 8 -15 8 -14 8 0 0 0 0 0 0 0 0 0 0 ],1717575983.300083
CSI_DATA,AP,B0:A7:32:D7:5B:54,-44,11,1,7,1,1,1,1,0,0,0,-96,1,6,1,3019668208,0,84,0,0,11609.8,384,[84 -64 4 0 0 0 0 0 0 0 0 0 -16 -11 -16 -12 -15 -13 -16 -14 -14 -14 -14 -14 -13 -14 -13 -14 -12 -15 -12 -15 -12 -15 -12 -15 -12 -15 -11 -16 -11 -16 -11 -15 -10 -15 -10 -14 -10 -15 -10 -15 -10 -15 -9 -15 -10 -14 -9 -14 -10 -15 -10 -14 0 0 -10 -14 -10 -13 -10 -14 -10 -13 -10 -13 -10 -13 -10 -13 -10 -12 -10 -12 -11 -12 -11 -12 -11 -12 -12 -12 -12 -11 -11 -11 -12 -11 -12 -11 -12 -11 -12 -11 -12 -11 -13 -11 -13 -11 -13 -10 -13 -10 -14 -11 -14 -10 0 0 0 0 0 0 0 0 0 0 ],1717575983.3195846
CSI_DATA,AP,B0:A7:32:D7:5B:54,-44,11,1,7,1,1,1,1,0,0,0,-96,1,6,1,3019678302,0,84,0,0,11609.8,384,[84 -64 4 0 0 0 0 0 0 0 0 0 -18 6 -18 5 -19 5 -20 4 -20 4 -19 3 -19 2 -19 2 -19 1 -20 2 -19 1 -19 2 -19 1 -19 1 -19 0 -19 0 -18 0 -18 0 -18 0 -18 -1 -18 -1 -18 -1 -17 0 -17 1 -17 0 -17 1 0 0 -17 0 -17 1 -16 1 -17 1 -16 1 -16 1 -17 1 -16 2 -16 2 -16 3 -16 4 -16 4 -16 4 -16 4 -16 4 -15 5 -16 5 -15 5 -16 5 -16 5 -16 5 -16 5 -16 6 -15 7 -16 7 -15 7 0 0 0 0 0 0 0 0 0 0 ],1717575983.3356538
CSI_DATA,AP,B0:A7:32:D7:5B:54,-44,11,1,7,1,1,1,1,0,0,0,-96,1,6,1,3019689441,0,84,0,0,11609.8,384,[84 -64 4 0 0 0 0 0 0 0 0 0 12 -15 12 -14 13 -14 13 -13 14 -14 14 -12 15 -12 15 -11 15 -11 16 -11 15 -11 16 -10 16 -10 15 -10 15 -9 15 -10 14 -9 15 -10 14 -9 15 -9 15 -9 14 -9 14 -9 14 -8 14 -9 13 -9 0 0 13 -9 13 -10 13 -10 13 -10 12 -10 12 -10 12 -10 11 -10 12 -10 11 -11 11 -11 11 -11 11 -11 10 -12 10 -12 10 -12 10 -13 9 -13 9 -13 9 -13 10 -13 9 -14 10 -14 9 -14 9 -13 9 -14 0 0 0 0 0 0 0 0 0 0 ],1717575983.3527942
CSI_DATA,AP,B0:A7:32:D7:5B:54,-44,11,1,7,1,1,1,1,0,0,0,-96,1,6,1,3019699596,0,84,0,0,11609.8,384,[84 -64 4 0 0 0 0 0 0 0 0 0 -17 5 -17 4 -18 4 -18 3 -18 3 -17 2 -18 1 -17 1 -18 1 -17 0 -17 0 -17 0 -18 0 -17 -1 -17 -1 -17 -1 -16 -1 -16 -1 -16 -2 -16 -2 -16 -2 -16 -2 -15 -1 -15 -1 -16 -1 -15 -1 0 0 -15 -1 -15 0 -15 -1 -15 0 -14 0 -15 0 -15 0 -14 0 -15 1 -14 1 -14 1 -15 1 -15 2 -15 2 -14 2 -14 2 -15 2 -14 3 -14 2 -14 3 -15 3 -15 3 -15 4 -14 4 -15 4 -14 4 0 0 0 0 0 0 0 0 0 0 ],1717575983.3693206
CSI_DATA,AP,B0:A7:32:D7:5B:54,-43,11,1,6,1,1,1,1,0,0,0,-96,1,6,1,3019712643,0,84,0,0,11609.8,384,[84 -64 4 0 0 0 0 0 0 0 0 0 4 18 4 18 3 18 3 19 2 19 1 18 1 18 0 18 0 18 0 19 -1 18 -1 18 -1 18 -2 18 -2 18 -2 18 -2 17 -2 17 -2 17 -2 16 -3 17 -2 16 -2 16 -2 16 -2 17 -1 15 0 0 -1 16 -1 16 -1 15 0 15 0 15 0 15 0 15 0 15 0 15 1 15 2 14 1 15 2 15 2 15 3 15 3 14 3 15 3 14 3 14 4 14 3 15 4 15 4 15 5 15 5 15 5 15 0 0 0 0 0 0 0 0 0 0 ],1717575983.3841305
CSI_DATA,AP,B0:A7:32:D7:5B:54,-44,11,1,7,1,1,1,1,0,0,0,-96,1,6,1,3019716496,0,84,0,0,11609.8,384,[84 -64 4 0 0 0 0 0 0 0 0 0 -11 -14 -10 -14 -11 -15 -10 -15 -10 -16 -8 -15 -8 -15 -8 -16 -8 -16 -7 -17 -7 -16 -6 -17 -6 -16 -6 -16 -6 -16 -6 -16 -6 -15 -6 -16 -5 -15 -5 -15 -5 -15 -6 -15 -5 -15 -5 -14 -5 -15 -5 -14 0 0 -6 -14 -6 -14 -6 -13 -6 -14 -6 -13 -6 -13 -7 -14 -7 -13 -7 -13 -8 -13 -8 -13 -8 -12 -8 -12 -8 -12 -9 -12 -9 -11 -9 -13 -9 -11 -9 -12 -10 -12 -9 -12 -10 -12 -10 -12 -10 -12 -10 -12 -10 -11 0 0 0 0 0 0 0 0 0 0 ],1717575983.402299
CSI_DATA,AP,B0:A7:32:D7:5B:54,-44,11,1,7,1,1,1,1,0,0,0,-96,1,6,1,3019727906,0,84,0,0,11609.8,384,[84 -64 4 0 0 0 0 0 0 0 0 0 0 -19 0 -19 1 -20 1 -20 2 -20 2 -18 2 -19 3 -19 3 -19 4 -19 4 -18 5 -18 5 -18 5 -18 5 -18 5 -18 4 -17 4 -17 4 -17 4 -17 4 -17 4 -17 4 -16 4 -16 4 -16 4 -16 0 0 3 -16 3 -16 3 -16 2 -16 2 -16 2 -16 1 -16 1 -16 1 -16 0 -16 0 -16 0 -16 0 -16 -1 -16 -1 -17 -2 -16 -2 -17 -2 -16 -2 -16 -3 -16 -3 -16 -3 -17 -3 -17 -4 -17 -3 -17 -4 -16 0 0 0 0 0 0 0 0 0 0 ],1717575983.418688
CSI_DATA,AP,B0:A7:32:D7:5B:54,-44,11,1,7,1,1,1,1,0,0,0,-96,1,6,1,3019739449,0,84,0,0,11609.9,384,[84 -64 4 0 0 0 0 0 0 0 0 0 16 0 16 2 17 2 17 3 17 3 16 3 16 4 16 4 16 4 16 4 16 5 16 5 16 5 16 5 15 5 15 5 14 5 14 5 14 5 15 5 14 5 15 5 13 5 14 4 14 4 13 4 0 0 13 4 14 3 14 3 14 2 13 2 14 2 14 2 13 2 14 1 13 1 13 0 13 0 14 0 14 0 14 0 13 -1 14 -1 14 -2 14 -1 14 -2 14 -2 14 -2 14 -3 14 -3 14 -3 14 -3 0 0 0 0 0 0 0 0 0 0 ],1717575983.4334598
CSI_DATA,AP,B0:A7:32:D7:5B:54,-44,11,1,6,1,1,1,1,0,0,0,-96,1,6,1,3019748523,0,84,0,0,11609.9,384,[84 -64 4 0 0 0 0 0 0 0 0 0 -21 -2 -21 -2 -22 -3 -22 -4 -21 -5 -20 -5 -20 -6 -20 -6 -20 -7 -20 -7 -20 -7 -20 -8 -20 -8 -19 -8 -19 -8 -19 -8 -18 -8 -18 -8 -18 -8 -17 -9 -17 -8 -17 -8 -17 -8 -17 -8 -17 -8 -17 -7 0 0 -17 -7 -17 -7 -17 -6 -17 -6 -17 -6 -17 -6 -17 -6 -17 -5 -17 -5 -17 -5 -17 -4 -17 -4 -17 -4 -18 -3 -17 -4 -18 -3 -18 -3 -18 -2 -17 -2 -18 -2 -18 -2 -19 -2 -19 -1 -18 -1 -18 -2 -19 -1 0 0 0 0 0 0 0 0 0 0 ],1717575983.4514546
CSI_DATA,AP,B0:A7:32:D7:5B:54,-43,11,1,6,1,1,1,1,0,0,0,-96,1,6,1,3019762268,0,84,0,0,11609.9,384,[84 -64 4 0 0 0 0 0 0 0 0 0 -18 6 -18 6 -19 5 -20 4 -20 4 -19 3 -19 2 -19 2 -19 2 -19 2 -19 1 -20 1 -19 1 -19 1 -19 0 -18 1 -18 0 -18 0 -18 0 -17 0 -17 0 -18 0 -17 0 -17 1 -17 1 -17 1 0 0 -17 1 -16 2 -16 2 -16 2 -16 2 -15 2 -16 3 -16 3 -16 4 -15 4 -15 4 -15 5 -16 5 -15 5 -15 5 -15 6 -15 6 -14 6 -14 6 -14 7 -14 7 -15 7 -15 8 -14 8 -15 8 -14 8 0 0 0 0 0 0 0 0 0 0 ],1717575983.4674587
CSI_DATA,AP,B0:A7:32:D7:5B:54,-44,11,1,7,1,1,1,1,0,0,0,-96,1,6,1,3019768533,0,84,0,0,11609.9,384,[84 -64 4 0 0 0 0 0 0 0 0 0 9 -15 9 -14 10 -15 10 -14 10 -14 10 -13 11 -12 11 -12 11 -12 12 -12 12 -11 12 -11 12 -11 12 -11 12 -11 12 -11 11 -10 12 -10 11 -10 12 -10 12 -10 12 -10 11 -9 11 -9 11 -9 11 -9 0 0 10 -10 10 -10 10 -10 10 -10 9 -10 9 -10 9 -10 9 -10 8 -11 9 -11 9 -11 8 -11 8 -11 8 -11 8 -12 7 -12 8 -12 7 -12 7 -12 7 -12 7 -12 7 -13 8 -13 7 -13 7 -13 7 -13 0 0 0 0 0 0 0 0 0 0 ],1717575983.4842753
CSI_DATA,AP,B0:A7:32:D7:5B:54,-44,11,1,7,1,1,1,1,0,0,0,-96,1,6,1,3019781673,0,84,0,0,11609.9,384,[84 -64 4 0 0 0 0 0 0 0 0 0 -8 15 -8 15 -9 15 -9 15 -10 14 -10 13 -10 13 -11 13 -11 13 -11 13 -11 12 -12 12 -12 12 -12 12 -12 11 -12 12 -11 11 -11 11 -11 11 -11 10 -11 10 -11 10 -11 10 -10 10 -11 10 -10 10 0 0 -10 10 -10 11 -9 11 -9 11 -9 11 -9 11 -9 11 -9 11 -8 11 -8 11 -7 12 -7 12 -7 12 -7 12 -6 12 -6 12 -6 13 -6 12 -6 12 -6 13 -6 13 -5 13 -5 13 -4 13 -5 13 -5 13 0 0 0 0 0 0 0 0 0 0 ],1717575983.5011294
CSI_DATA,AP,B0:A7:32:D7:5B:54,-43,11,1,6,1,1,1,1,0,0,0,-96,1,6,1,3019788382,0,84,0,0,11609.9,384,[84 -64 4 0 0 0 0 0 0 0 0 0 15 -10 15 -10 17 -10 16 -9 17 -9 16 -8 17 -7 16 -7 17 -7 18 -6 17 -6 18 -5 17 -5 17 -5 16 -5 17 -5 16 -5 16 -5 16 -5 16 -5 16 -4 16 -5 16 -4 15 -5 16 -5 15 -5 0 0 15 -5 15 -5 14 -6 15 -6 14 -6 14 -6 14 -7 14 -7 13 -7 13 -8 13 -8 13 -8 13 -8 13 -8 13 -9 12 -9 13 -10 12 -10 12 -10 12 -10 12 -10 12 -10 13 -11 12 -11 12 -11 11 -11 0 0 0 0 0 0 0 0 0 0 ],1717575983.5175722
CSI_DATA,AP,B0:A7:32:D7:5B:54,-44,11,1,7,1,1,1,1,0,0,0,-96,1,6,1,3019798746,0,84,0,0,11609.9,384,[84 -64 4 0 0 0 0 0 0 0 0 0 -12 -16 -12 -15 -12 -17 -11 -17 -11 -18 -10 -16 -9 -17 -9 -17 -9 -17 -9 -18 -8 -18 -7 -18 -7 -18 -7 -18 -7 -17 -7 -18 -6 -17 -6 -17 -6 -17 -6 -17 -6 -16 -6 -17 -6 -17 -6 -16 -6 -16 -6 -16 0 0 -6 -16 -7 -16 -6 -15 -7 -15 -7 -15 -7 -15 -8 -15 -8 -14 -8 -14 -9 -14 -8 -14 -9 -14 -9 -14 -9 -13 -9 -14 -10 -13 -10 -14 -10 -13 -10 -13 -11 -13 -11 -13 -11 -13 -11 -13 -11 -13 -11 -13 -11 -13 0 0 0 0 0 0 0 0 0 0 ],1717575983.5360115
CSI_DATA,AP,B0:A7:32:D7:5B:54,-43,11,1,5,1,1,1,1,0,0,0,-96,1,6,1,3019942037,0,84,0,0,11610.1,384,[84 -64 4 0 0 0 0 0 0 0 0 0 -17 -5 -16 -6 -17 -6 -17 -7 -17 -7 -15 -7 -15 -8 -15 -8 -15 -9 -15 -10 -15 -10 -14 -10 -14 -9 -14 -10 -13 -10 -14 -10 -12 -10 -13 -10 -13 -9 -12 -10 -12 -10 -12 -10 -12 -9 -12 -9 -12 -9 -12 -8 0 0 -12 -8 -13 -8 -12 -8 -13 -7 -12 -8 -12 -8 -12 -8 -12 -7 -13 -7 -12 -6 -13 -5 -12 -6 -13 -6 -13 -5 -13 -5 -13 -5 -14 -5 -13 -5 -13 -4 -13 -4 -13 -4 -14 -4 -14 -4 -14 -4 -14 -4 -14 -3 0 0 0 0 0 0 0 0 0 0 ],1717575983.5711744
CSI_DATA,AP,B0:A7:32:D7:5B:54,-43,11,1,6,1,1,1,1,0,0,0,-96,1,6,1,3019950460,0,84,0,0,11610.1,384,[84 -64 4 0 0 0 0 0 0 0 0 0 16 9 15 9 16 10 15 11 15 12 14 11 13 12 13 12 13 12 13 13 12 13 12 13 12 13 12 13 11 13 12 13 10 13 11 13 10 12 10 12 10 12 11 12 11 12 10 11 11 12 10 11 0 0 10 11 11 11 11 10 11 10 11 10 11 10 12 10 12 9 13 9 13 9 12 8 12 8 12 8 12 8 13 8 13 7 14 8 13 6 13 6 13 6 14 7 14 7 15 7 14 6 14 6 14 6 0 0 0 0 0 0 0 0 0 0 ],1717575983.5864854
CSI_DATA,AP,B0:A7:32:D7:5B:54,-43,11,1,5,1,1,1,1,0,0,0,-96,1,6,1,3019962743,0,84,0,0,11610.1,384,[84 -64 4 0 0 0 0 0 0 0 0 0 -15 -16 -14 -16 -15 -17 -14 -18 -14 -18 -12 -17 -12 -18 -11 -18 -11 -19 -11 -19 -10 -19 -10 -19 -9 -19 -9 -19 -8 -19 -9 -19 -8 -17 -8 -18 -8 -18 -8 -18 -7 -18 -8 -18 -7 -18 -8 -17 -8 -18 -8 -16 0 0 -8 -17 -9 -17 -8 -15 -9 -16 -9 -15 -9 -16 -9 -16 -9 -15 -10 -15 -10 -14 -10 -14 -10 -14 -11 -14 -11 -14 -11 -14 -12 -13 -12 -15 -12 -13 -12 -13 -12 -13 -12 -13 -13 -13 -13 -14 -14 -13 -13 -13 -13 -13 0 0 0 0 0 0 0 0 0 0 ],1717575983.6053388
Frames: 181
